APT_GROUP,APT_ICAO,DATE,PHASE,N_VALID,(-1e+09.-60],(-60.-55],(-55.-50],(-50.-45],(-45.-40],(-40.-35],(-35.-30],(-30.-25],(-25.-20],(-20.-15],(-15.-10],(-10.-5],(-5.0],(0.5],(5.10],(10.15],(15.20],(20.25],(25.30],(30.35],(35.40],(40.45],(45.50],(50.55],(55.60],(60.1e+09],EARLY_M15M05,EARLY_M05M00,LATE_P00P05,LATE_P05P15,WITHIN_M05P05,WITHIN_M15P15
CINDACTA IV,SBBE,2022-01,ARR,1310,1,0,0,0,0,0,4,7,29,85,157,214,189,193,89,74,62,43,30,32,13,17,14,9,6,42,0.283206107,0.144274809,0.147328244,0.124427481,0.291603053,0.699236641
CINDACTA IV,SBBE,2022-02,ARR,1105,0,0,0,0,0,3,0,4,37,120,219,239,161,131,68,31,23,15,9,4,12,3,3,2,2,19,0.414479638,0.145701357,0.118552036,0.08959276,0.264253394,0.768325792
CINDACTA IV,SBBE,2022-03,ARR,1131,0,0,0,1,0,0,5,10,48,133,213,229,165,118,50,33,37,25,15,7,7,4,1,5,5,20,0.390804598,0.145888594,0.104332449,0.073386384,0.250221043,0.714412025
CINDACTA IV,SBBE,2022-04,ARR,948,0,1,0,1,0,0,2,8,26,92,184,196,108,124,55,44,23,13,18,7,9,7,4,3,1,22,0.400843882,0.113924051,0.130801688,0.10443038,0.244725738,0.75
CINDACTA IV,SBBE,2022-05,ARR,1155,0,0,0,0,0,0,5,17,49,111,175,200,160,153,73,60,39,21,16,14,14,7,7,1,4,29,0.324675325,0.138528139,0.132467532,0.115151515,0.270995671,0.710822511
CINDACTA IV,SBBE,2022-06,ARR,1149,0,0,0,0,1,0,4,15,56,105,199,202,166,126,88,63,27,19,10,15,9,7,4,1,2,30,0.34899913,0.144473455,0.109660574,0.131418625,0.25413403,0.734551784
CINDACTA IV,SBBE,2022-07,ARR,1397,2,0,0,0,0,2,2,19,43,119,209,250,233,194,87,64,47,22,26,10,7,8,4,3,7,39,0.328561203,0.16678597,0.138869005,0.108088762,0.305654975,0.742304939
CINDACTA IV,SBBE,2022-08,ARR,1261,1,0,1,0,0,2,6,23,46,118,192,209,173,153,84,65,45,33,29,21,12,11,3,2,3,29,0.318001586,0.137192704,0.121332276,0.11816019,0.25852498,0.694686757
CINDACTA IV,SBBE,2022-09,ARR,1133,0,0,0,0,1,0,4,14,29,96,181,195,176,147,86,50,45,35,17,18,5,3,5,1,2,23,0.331862312,0.155339806,0.129744042,0.120035305,0.285083848,0.736981465
CINDACTA IV,SBBE,2022-10,ARR,1181,0,0,1,0,1,0,3,13,44,125,222,230,172,129,61,42,39,22,11,14,7,5,4,3,3,30,0.382726503,0.145639289,0.109229467,0.087214225,0.254868755,0.724809483
CINDACTA IV,SBBE,2022-11,ARR,1041,0,0,0,0,0,1,1,6,33,92,158,172,141,129,81,54,37,24,19,15,17,4,6,9,5,37,0.317002882,0.135446686,0.123919308,0.129682997,0.259365994,0.706051873
CINDACTA IV,SBBE,2022-12,ARR,1143,0,0,0,0,0,1,4,8,42,100,164,171,157,137,78,49,40,43,29,22,22,7,15,8,5,41,0.293088364,0.13735783,0.119860017,0.111111111,0.257217848,0.661417323
CINDACTA I,SBBR,2022-01,ARR,4567,1,0,0,3,9,15,33,101,301,639,818,759,532,460,226,167,124,86,59,46,25,23,17,11,17,95,0.345303263,0.116487848,0.100722575,0.086052113,0.217210423,0.648565798
CINDACTA I,SBBR,2022-02,ARR,3508,0,0,0,2,7,13,35,130,326,533,711,642,423,280,124,87,59,33,26,8,18,10,5,3,3,30,0.385689852,0.120581528,0.07981756,0.060148233,0.200399088,0.646237172
CINDACTA I,SBBR,2022-03,ARR,3868,0,0,2,0,4,9,30,126,357,662,813,685,438,295,146,78,53,39,30,10,14,12,10,6,4,45,0.387280248,0.113236815,0.076266805,0.057911065,0.189503619,0.634694933
CINDACTA I,SBBR,2022-04,ARR,3537,0,0,0,0,1,2,24,105,256,505,695,653,445,323,162,93,59,56,28,35,13,17,11,3,4,47,0.381113938,0.125812836,0.091320328,0.072094996,0.217133164,0.670342098
CINDACTA I,SBBR,2022-05,ARR,3919,1,0,0,4,2,10,22,93,220,472,674,698,601,463,192,141,80,61,41,27,17,13,17,12,7,51,0.350089308,0.153355448,0.118142383,0.084970656,0.271497831,0.706557795
CINDACTA I,SBBR,2022-06,ARR,3737,3,0,0,0,0,7,12,90,252,506,692,745,510,378,187,91,59,67,30,23,17,16,9,7,5,31,0.384533048,0.136473107,0.101150656,0.074391223,0.237623762,0.696548033
CINDACTA I,SBBR,2022-07,ARR,4603,0,0,0,0,3,3,13,68,198,485,889,881,730,523,241,154,109,72,48,40,23,21,18,9,10,65,0.384531827,0.158592222,0.113621551,0.0858136,0.272213774,0.742559201
CINDACTA I,SBBR,2022-08,ARR,4451,0,0,0,1,3,8,6,51,187,446,698,871,641,562,269,212,128,96,64,49,39,28,13,9,10,60,0.352505055,0.144012581,0.126263761,0.108065603,0.270276342,0.730847001
CINDACTA I,SBBR,2022-09,ARR,4319,0,0,0,0,1,1,12,67,204,497,732,752,648,495,244,175,126,95,46,52,39,15,19,15,17,67,0.343598055,0.15003473,0.114609863,0.097013197,0.264644594,0.705255846
CINDACTA I,SBBR,2022-10,ARR,4479,0,0,0,0,1,0,21,61,202,501,742,832,652,488,265,170,123,83,57,55,41,25,32,14,14,100,0.351417727,0.145568207,0.108952891,0.097119893,0.254521098,0.703058718
CINDACTA I,SBBR,2022-11,ARR,4479,0,0,0,0,1,2,23,53,199,369,531,657,641,586,336,250,152,137,89,75,70,51,39,44,27,147,0.265237776,0.143112302,0.130832775,0.130832775,0.273945077,0.670015628
CINDACTA I,SBBR,2022-12,ARR,4749,1,0,0,0,1,3,15,51,215,451,652,726,605,540,337,231,189,143,121,84,62,51,36,33,25,177,0.290166351,0.127395241,0.113708149,0.119604127,0.24110339,0.650873868
CINDACTA I,SBCF,2022-01,ARR,3426,1,0,0,2,1,4,8,24,78,265,500,572,536,457,242,179,130,99,56,57,39,35,21,16,16,88,0.312901343,0.156450671,0.13339171,0.12288383,0.289842382,0.725627554
CINDACTA I,SBCF,2022-02,ARR,2769,0,0,0,0,0,1,8,34,157,440,609,527,407,234,113,61,45,37,23,12,12,8,6,5,3,27,0.41025641,0.146984471,0.084507042,0.06283857,0.231491513,0.704586493
CINDACTA I,SBCF,2022-03,ARR,3241,1,1,0,1,0,4,7,55,196,525,696,659,435,266,127,70,52,33,21,15,11,13,5,6,5,37,0.418080839,0.134217834,0.082073434,0.060783709,0.216291268,0.695155816
CINDACTA I,SBCF,2022-04,ARR,3380,2,0,0,0,2,2,15,44,200,492,690,700,475,310,112,101,58,35,32,15,17,7,14,5,5,47,0.411242604,0.140532544,0.091715976,0.063017751,0.232248521,0.706508876
CINDACTA I,SBCF,2022-05,ARR,3722,0,0,0,1,1,2,9,61,208,495,731,722,540,389,152,96,69,48,26,29,19,20,14,5,9,76,0.390381515,0.145083289,0.104513702,0.066630844,0.249596991,0.70660935
CINDACTA I,SBCF,2022-06,ARR,3596,1,0,0,1,1,3,8,60,238,513,704,733,496,337,154,90,66,40,29,24,17,11,12,12,2,44,0.399610679,0.137931034,0.093715239,0.06785317,0.231646274,0.699110122
CINDACTA I,SBCF,2022-07,ARR,4102,0,0,0,0,1,6,19,76,207,465,779,845,550,443,212,140,98,60,42,31,22,16,11,13,7,59,0.395904437,0.134080936,0.107996099,0.085811799,0.242077036,0.723793272
CINDACTA I,SBCF,2022-08,ARR,3896,0,0,0,1,0,5,20,51,186,463,744,730,536,389,253,141,94,59,53,37,23,23,18,7,4,59,0.378336756,0.137577002,0.099845996,0.101129363,0.237422998,0.716889117
CINDACTA I,SBCF,2022-09,ARR,3812,0,0,0,0,1,2,11,39,199,497,749,683,526,370,192,147,91,66,37,41,25,14,17,9,13,83,0.375655824,0.13798531,0.09706191,0.088929696,0.235047219,0.699632739
CINDACTA I,SBCF,2022-10,ARR,4010,0,0,0,2,2,2,12,63,183,464,759,760,526,399,236,142,104,74,55,39,25,29,27,9,10,88,0.378802993,0.13117207,0.099501247,0.094264339,0.230673317,0.703740648
CINDACTA I,SBCF,2022-11,ARR,3740,0,0,0,1,2,6,12,36,125,342,532,656,555,457,247,155,125,90,65,61,46,41,30,22,19,115,0.317647059,0.148395722,0.122192513,0.107486631,0.270588235,0.695721925
CINDACTA I,SBCF,2022-12,ARR,3997,0,0,0,0,0,1,8,30,113,325,568,656,589,463,287,205,144,106,84,72,58,47,31,25,24,161,0.306229672,0.14736052,0.115836878,0.123092319,0.263197398,0.69251939
CINDACTA II,SBCG,2022-01,ARR,492,0,0,0,0,0,0,1,3,7,25,57,71,78,76,39,28,25,14,7,10,12,6,8,2,4,19,0.260162602,0.158536585,0.154471545,0.136178862,0.31300813,0.709349593
CINDACTA II,SBCG,2022-02,ARR,331,0,0,0,0,0,0,0,3,16,30,66,70,40,34,24,18,6,0,6,5,4,0,2,1,4,2,0.410876133,0.120845921,0.102719033,0.126888218,0.223564955,0.761329305
CINDACTA II,SBCG,2022-03,ARR,418,0,0,0,0,0,1,0,2,23,45,85,69,58,44,25,21,11,8,3,6,3,0,4,1,2,7,0.368421053,0.138755981,0.105263158,0.110047847,0.244019139,0.722488038
CINDACTA II,SBCG,2022-04,ARR,417,0,0,0,0,0,0,1,2,8,33,68,61,66,69,35,23,13,8,10,2,3,2,1,3,1,8,0.309352518,0.158273381,0.165467626,0.139088729,0.323741007,0.772182254
CINDACTA II,SBCG,2022-05,ARR,450,0,0,0,0,0,0,0,1,2,20,44,82,74,71,47,30,25,9,10,11,6,5,2,4,4,3,0.28,0.164444444,0.157777778,0.171111111,0.322222222,0.773333333
CINDACTA II,SBCG,2022-06,ARR,431,0,0,0,0,0,0,0,2,3,16,35,72,80,70,47,40,23,16,6,5,6,2,2,2,0,4,0.248259861,0.185614849,0.162412993,0.201856148,0.348027842,0.798143852
CINDACTA II,SBCG,2022-07,ARR,521,0,0,0,0,0,0,0,1,6,29,67,96,92,84,36,28,23,15,8,8,7,5,6,2,1,7,0.312859885,0.176583493,0.161228407,0.122840691,0.3378119,0.773512476
CINDACTA II,SBCG,2022-08,ARR,496,0,0,0,0,0,0,0,0,3,14,42,73,82,92,48,31,26,26,17,7,6,8,6,3,1,11,0.231854839,0.165322581,0.185483871,0.159274194,0.350806452,0.741935484
CINDACTA II,SBCG,2022-09,ARR,470,0,0,0,0,0,0,1,0,3,15,27,65,80,91,49,36,30,17,14,5,15,9,1,3,0,9,0.195744681,0.170212766,0.193617021,0.180851064,0.363829787,0.740425532
CINDACTA II,SBCG,2022-10,ARR,484,0,0,0,0,0,0,0,0,7,14,40,72,90,76,43,26,28,19,14,6,9,3,8,5,3,21,0.231404959,0.185950413,0.157024793,0.142561983,0.342975207,0.716942149
CINDACTA II,SBCG,2022-11,ARR,504,0,0,0,0,0,0,0,0,5,13,46,66,89,75,47,27,26,26,15,15,5,6,8,11,4,20,0.222222222,0.176587302,0.148809524,0.146825397,0.325396825,0.694444444
CINDACTA II,SBCG,2022-12,ARR,567,0,0,0,0,0,0,0,2,3,28,51,78,110,68,60,37,20,26,7,14,16,10,10,5,3,19,0.227513228,0.194003527,0.119929453,0.171075838,0.313932981,0.712522046
CINDACTA II,SBCT,2022-01,ARR,1571,1,0,0,0,2,7,8,20,58,156,269,267,206,169,93,77,53,44,19,26,20,8,11,14,2,41,0.341183959,0.131126671,0.107574793,0.10821133,0.238701464,0.688096754
CINDACTA II,SBCT,2022-02,ARR,1347,0,0,1,1,0,0,0,7,60,177,280,272,200,136,64,53,26,18,11,5,7,1,3,5,1,19,0.409799555,0.148478099,0.100965108,0.086859688,0.249443207,0.74610245
CINDACTA II,SBCT,2022-03,ARR,1755,1,0,0,0,1,0,0,22,59,221,353,380,254,173,81,62,34,25,16,10,7,6,3,2,7,38,0.417663818,0.144729345,0.098575499,0.081481481,0.243304843,0.742450142
CINDACTA II,SBCT,2022-04,ARR,1896,0,0,0,0,0,0,0,13,81,188,332,360,314,226,98,60,43,39,22,22,14,11,11,4,7,51,0.364978903,0.165611814,0.119198312,0.083333333,0.284810127,0.733122363
CINDACTA II,SBCT,2022-05,ARR,2184,2,0,0,0,1,2,4,10,53,213,335,416,378,298,142,93,64,21,19,14,12,6,16,10,9,66,0.343864469,0.173076923,0.136446886,0.107600733,0.30952381,0.760989011
CINDACTA II,SBCT,2022-06,ARR,2039,0,0,0,0,0,4,6,13,57,185,364,441,371,231,115,71,46,32,23,15,7,7,6,3,4,38,0.394801373,0.181951937,0.113290829,0.091221187,0.295242766,0.781265326
CINDACTA II,SBCT,2022-07,ARR,2179,0,0,0,0,1,2,7,17,58,191,301,470,378,295,162,75,68,31,25,21,16,5,7,5,6,38,0.353832033,0.173474071,0.135383203,0.108765489,0.308857274,0.771454796
CINDACTA II,SBCT,2022-08,ARR,2167,1,0,0,1,1,2,5,23,72,192,327,388,373,294,143,91,67,50,35,19,14,12,8,7,4,38,0.329949239,0.172127365,0.135671435,0.107983387,0.3077988,0.745731426
CINDACTA II,SBCT,2022-09,ARR,2086,1,0,0,0,1,0,4,21,62,151,273,409,299,260,159,117,83,55,43,26,24,16,7,5,14,56,0.326941515,0.143336529,0.12464046,0.132310642,0.267976989,0.727229147
CINDACTA II,SBCT,2022-10,ARR,2161,4,0,0,0,1,4,4,21,91,141,337,395,329,298,130,84,77,57,39,29,29,9,15,13,10,44,0.338732068,0.152244331,0.137899121,0.099028228,0.290143452,0.727903748
CINDACTA II,SBCT,2022-11,ARR,2133,1,1,0,0,0,0,1,11,65,155,283,357,296,275,144,114,95,67,53,38,36,23,22,19,14,63,0.300046882,0.138771683,0.128926395,0.120956399,0.267698078,0.68870136
CINDACTA II,SBCT,2022-12,ARR,2110,2,0,0,0,0,3,6,12,45,149,279,343,294,249,186,104,84,68,53,42,30,27,26,13,14,81,0.29478673,0.139336493,0.118009479,0.137440758,0.257345972,0.68957346
CINDACTA IV,SBCY,2022-01,ARR,1041,1,0,0,0,0,1,4,17,40,97,143,169,153,120,74,45,45,22,24,14,8,11,5,6,6,36,0.299711816,0.146974063,0.115273775,0.11431316,0.262247839,0.676272815
CINDACTA IV,SBCY,2022-02,ARR,741,0,0,1,0,0,5,5,18,62,107,150,138,89,69,25,21,10,11,8,2,2,6,1,1,1,9,0.388663968,0.120107962,0.093117409,0.062078273,0.213225371,0.663967611
CINDACTA IV,SBCY,2022-03,ARR,992,0,1,0,0,0,2,2,31,89,177,210,191,111,71,25,21,14,10,6,6,6,3,2,1,3,10,0.404233871,0.111895161,0.071572581,0.046370968,0.183467742,0.634072581
CINDACTA IV,SBCY,2022-04,ARR,998,0,0,0,0,0,1,5,22,72,154,188,149,127,93,51,36,25,17,9,8,6,6,2,5,4,18,0.337675351,0.127254509,0.093186373,0.087174349,0.220440882,0.645290581
CINDACTA IV,SBCY,2022-05,ARR,1010,0,0,0,0,0,0,1,9,44,66,128,157,177,141,88,51,30,31,21,14,8,11,8,3,1,21,0.282178218,0.175247525,0.13960396,0.137623762,0.314851485,0.734653465
CINDACTA IV,SBCY,2022-06,ARR,939,0,0,0,0,0,2,1,4,17,67,139,168,126,124,86,51,41,25,24,10,6,8,5,4,8,23,0.326943557,0.134185304,0.132055378,0.145899894,0.266240682,0.739084132
CINDACTA IV,SBCY,2022-07,ARR,1193,0,0,0,0,0,0,2,14,41,100,214,229,189,155,77,57,32,21,9,12,7,6,3,1,0,24,0.371332775,0.158424141,0.12992456,0.112321878,0.288348701,0.772003353
CINDACTA IV,SBCY,2022-08,ARR,1184,0,0,0,0,0,0,2,7,27,85,166,218,174,180,87,64,40,32,24,22,10,4,6,7,3,26,0.324324324,0.146959459,0.152027027,0.127533784,0.298986486,0.750844595
CINDACTA IV,SBCY,2022-09,ARR,1113,0,0,0,0,0,1,3,16,46,118,172,200,163,145,83,40,20,24,21,8,7,12,1,3,7,23,0.334231806,0.146451033,0.130278527,0.110512129,0.27672956,0.721473495
CINDACTA IV,SBCY,2022-10,ARR,1123,0,0,0,0,0,0,0,8,37,103,198,220,185,141,70,47,25,21,16,12,14,3,6,3,1,13,0.372217275,0.164737311,0.125556545,0.104185218,0.290293856,0.766696349
CINDACTA IV,SBCY,2022-11,ARR,1059,0,0,0,0,0,2,4,11,32,72,123,176,157,149,93,59,39,25,18,23,18,9,9,3,4,33,0.282341832,0.148253069,0.140698772,0.143531634,0.288951841,0.714825307
CINDACTA IV,SBCY,2022-12,ARR,1212,0,0,0,0,0,1,3,12,48,103,212,211,172,127,67,46,51,33,22,20,16,11,8,6,3,40,0.349009901,0.141914191,0.104785479,0.093234323,0.24669967,0.688943894
CINDACTA IV,SBEG,2022-01,ARR,1232,17,0,5,3,3,1,7,15,54,91,144,157,171,149,102,76,38,39,19,22,13,10,7,13,5,71,0.244318182,0.138798701,0.120941558,0.144480519,0.25974026,0.648538961
CINDACTA IV,SBEG,2022-02,ARR,995,5,1,0,1,1,2,4,12,47,113,165,179,131,94,36,39,23,25,15,10,12,12,7,4,4,53,0.345728643,0.131658291,0.094472362,0.075376884,0.226130653,0.647236181
CINDACTA IV,SBEG,2022-03,ARR,1067,25,4,2,0,3,0,5,9,59,118,184,175,122,95,49,35,31,19,23,12,9,12,10,13,7,46,0.336457357,0.114339269,0.089034677,0.078725398,0.203373946,0.618556701
CINDACTA IV,SBEG,2022-04,ARR,892,17,3,5,1,1,3,7,13,45,103,139,125,89,89,49,31,29,18,19,14,8,12,5,9,9,49,0.295964126,0.099775785,0.099775785,0.089686099,0.19955157,0.585201794
CINDACTA IV,SBEG,2022-05,ARR,997,11,3,4,3,2,3,4,6,41,81,126,127,115,122,70,56,48,22,18,19,8,9,9,10,10,70,0.253761284,0.115346038,0.122367101,0.126379137,0.237713139,0.617853561
CINDACTA IV,SBEG,2022-06,ARR,1022,17,1,3,3,9,11,13,18,31,72,132,132,138,126,64,59,27,19,13,16,9,3,6,6,5,89,0.258317025,0.135029354,0.123287671,0.12035225,0.258317025,0.636986301
CINDACTA IV,SBEG,2022-07,ARR,1126,19,0,0,1,3,5,11,19,54,104,171,176,138,129,71,50,29,34,16,13,14,8,6,6,7,42,0.308170515,0.122557726,0.114564831,0.107460036,0.237122558,0.652753108
CINDACTA IV,SBEG,2022-08,ARR,1100,12,1,2,4,3,3,8,22,37,99,133,152,123,131,67,63,41,39,29,21,21,13,8,3,7,58,0.259090909,0.111818182,0.119090909,0.118181818,0.230909091,0.608181818
CINDACTA IV,SBEG,2022-09,ARR,1013,18,3,2,3,4,7,10,24,31,105,132,130,119,116,73,60,29,27,16,15,12,11,8,1,6,51,0.25863771,0.117472853,0.114511352,0.131293189,0.231984205,0.621915104
CINDACTA IV,SBEG,2022-10,ARR,1054,7,1,1,0,3,3,5,14,29,96,141,165,140,100,58,48,43,43,30,12,20,14,8,8,5,60,0.290322581,0.132827324,0.09487666,0.10056926,0.227703985,0.618595825
CINDACTA IV,SBEG,2022-11,ARR,907,3,0,0,1,1,0,5,8,24,65,88,136,108,112,73,50,44,34,26,20,13,14,6,4,6,66,0.246968026,0.11907387,0.123484013,0.135611907,0.242557883,0.625137817
CINDACTA IV,SBEG,2022-12,ARR,1052,3,0,0,4,7,5,8,25,46,85,135,152,126,101,50,51,50,27,27,17,18,10,12,6,9,78,0.272813688,0.119771863,0.096007605,0.096007605,0.215779468,0.58460076
CINDACTA II,SBFI,2022-01,ARR,452,0,0,0,1,0,0,1,5,9,42,70,91,56,50,22,33,16,14,1,8,3,7,2,2,4,15,0.35619469,0.123893805,0.110619469,0.121681416,0.234513274,0.712389381
CINDACTA II,SBFI,2022-02,ARR,283,0,0,0,0,0,1,0,1,5,26,57,70,50,32,8,7,4,8,3,3,2,1,1,0,1,3,0.448763251,0.176678445,0.113074205,0.053003534,0.28975265,0.791519435
CINDACTA II,SBFI,2022-03,ARR,368,0,0,0,1,0,0,0,1,11,27,72,101,51,39,12,7,10,9,5,2,3,3,3,1,1,9,0.470108696,0.138586957,0.105978261,0.051630435,0.244565217,0.766304348
CINDACTA II,SBFI,2022-04,ARR,438,0,0,0,0,0,0,0,1,5,18,46,99,103,69,31,21,13,7,5,5,1,1,4,1,1,7,0.331050228,0.235159817,0.157534247,0.118721461,0.392694064,0.842465753
CINDACTA II,SBFI,2022-05,ARR,458,0,0,0,0,0,0,0,0,4,16,38,65,94,79,48,37,18,12,15,2,6,6,2,1,2,13,0.22489083,0.205240175,0.172489083,0.18558952,0.377729258,0.788209607
CINDACTA II,SBFI,2022-06,ARR,433,0,0,0,0,0,0,0,1,5,5,34,65,86,94,53,21,15,12,10,7,7,3,2,0,1,12,0.228637413,0.198614319,0.217090069,0.170900693,0.415704388,0.815242494
CINDACTA II,SBFI,2022-07,ARR,520,0,0,0,0,0,0,0,0,2,11,54,104,111,81,40,32,21,15,11,5,8,2,4,3,2,14,0.303846154,0.213461538,0.155769231,0.138461538,0.369230769,0.811538462
CINDACTA II,SBFI,2022-08,ARR,483,0,0,0,0,0,0,0,0,1,13,32,68,98,100,48,36,14,19,12,6,5,8,3,3,5,12,0.207039337,0.202898551,0.207039337,0.173913043,0.409937888,0.790890269
CINDACTA II,SBFI,2022-09,ARR,469,0,0,0,0,0,0,0,0,0,8,31,59,82,108,54,37,32,21,12,4,2,6,3,2,3,5,0.191897655,0.174840085,0.230277186,0.194029851,0.405117271,0.791044776
CINDACTA II,SBFI,2022-10,ARR,511,0,0,0,0,0,0,0,0,4,18,45,102,103,69,46,28,27,15,14,9,5,6,2,2,2,14,0.287671233,0.201565558,0.135029354,0.14481409,0.336594912,0.769080235
CINDACTA II,SBFI,2022-11,ARR,478,0,0,0,0,0,0,0,1,5,21,45,76,79,72,43,38,17,15,12,9,5,7,8,4,4,17,0.253138075,0.165271967,0.150627615,0.169456067,0.315899582,0.738493724
CINDACTA II,SBFI,2022-12,ARR,628,0,0,0,0,0,1,1,3,7,12,61,98,98,96,71,43,27,25,16,15,9,7,8,4,3,23,0.253184713,0.156050955,0.152866242,0.181528662,0.308917197,0.743630573
CINDACTA II,SBFL,2022-01,ARR,1295,0,0,0,0,2,2,11,28,56,110,177,230,167,161,87,78,41,35,23,19,7,14,5,7,3,32,0.314285714,0.128957529,0.124324324,0.127413127,0.253281853,0.694980695
CINDACTA II,SBFL,2022-02,ARR,892,0,0,0,0,1,0,1,17,38,97,173,170,137,107,54,21,19,16,6,8,6,2,3,1,2,13,0.384529148,0.153587444,0.119955157,0.084080717,0.273542601,0.742152466
CINDACTA II,SBFL,2022-03,ARR,1018,1,0,0,0,1,0,2,12,46,119,161,228,152,122,50,31,22,21,12,8,6,5,5,3,1,10,0.382121807,0.149312377,0.119842829,0.07956778,0.269155206,0.730844794
CINDACTA II,SBFL,2022-04,ARR,961,0,0,0,0,0,0,1,8,42,101,178,198,138,100,61,37,18,24,13,11,9,5,1,2,2,12,0.391259105,0.143600416,0.104058273,0.101977107,0.247658689,0.740894901
CINDACTA II,SBFL,2022-05,ARR,1061,0,1,0,0,0,0,0,4,39,74,181,202,164,154,71,61,25,22,9,16,5,3,8,7,1,14,0.360980207,0.154571159,0.145146089,0.124410933,0.299717248,0.785108388
CINDACTA II,SBFL,2022-06,ARR,985,0,0,0,0,0,0,1,5,32,95,156,223,161,126,76,31,34,10,12,7,2,3,2,1,3,5,0.384771574,0.163451777,0.127918782,0.108629442,0.291370558,0.784771574
CINDACTA II,SBFL,2022-07,ARR,1071,1,0,0,0,0,0,3,4,20,82,149,185,219,152,84,48,30,27,17,10,4,8,6,3,3,16,0.311858077,0.204481793,0.141923436,0.1232493,0.346405229,0.781512605
CINDACTA II,SBFL,2022-08,ARR,981,0,0,0,0,0,0,0,4,22,72,154,194,169,119,71,44,34,34,14,10,13,6,5,4,3,9,0.354740061,0.172273191,0.121304791,0.117227319,0.293577982,0.765545362
CINDACTA II,SBFL,2022-09,ARR,961,1,0,0,0,0,2,0,4,20,56,156,172,173,135,65,43,40,27,14,14,5,4,9,5,1,15,0.341311134,0.180020812,0.140478668,0.112382934,0.32049948,0.774193548
CINDACTA II,SBFL,2022-10,ARR,1073,0,0,0,0,0,0,1,9,26,91,157,193,156,110,74,64,39,40,25,20,8,7,8,8,8,29,0.326188257,0.145386766,0.102516309,0.12861137,0.247903075,0.702702703
CINDACTA II,SBFL,2022-11,ARR,1066,0,0,0,0,0,0,1,2,13,43,112,161,158,148,115,50,49,37,38,24,23,13,12,12,7,48,0.256097561,0.148217636,0.138836773,0.15478424,0.287054409,0.69793621
CINDACTA II,SBFL,2022-12,ARR,1349,0,0,0,1,0,2,5,5,22,57,117,181,175,189,122,91,81,68,46,50,22,23,15,11,9,57,0.220904374,0.129725723,0.140103781,0.157894737,0.269829503,0.648628614
CINDACTA III,SBFZ,2022-01,ARR,1974,4,1,1,2,4,5,7,30,123,190,309,313,268,230,116,72,59,51,36,29,25,21,4,11,9,54,0.315096251,0.135764944,0.116514691,0.095238095,0.252279635,0.662613982
CINDACTA III,SBFZ,2022-02,ARR,1514,0,0,1,0,1,3,5,29,102,193,293,304,215,149,77,42,40,16,13,2,4,6,2,2,2,13,0.394319683,0.142007926,0.098414795,0.078599736,0.240422721,0.71334214
CINDACTA III,SBFZ,2022-03,ARR,1694,4,0,2,1,2,4,8,27,99,208,311,347,226,185,85,47,27,26,17,12,5,7,11,4,3,26,0.388429752,0.133412043,0.109208973,0.077922078,0.242621015,0.708972845
CINDACTA III,SBFZ,2022-04,ARR,1378,1,2,1,4,3,2,7,25,52,146,264,255,214,126,87,59,30,18,17,16,11,6,4,2,2,24,0.376632801,0.155297533,0.091436865,0.105950653,0.246734398,0.729317852
CINDACTA III,SBFZ,2022-05,ARR,1470,0,0,0,0,0,3,8,21,63,190,290,278,225,139,89,41,25,14,16,14,9,8,3,9,1,24,0.386394558,0.153061224,0.094557823,0.088435374,0.247619048,0.72244898
CINDACTA III,SBFZ,2022-06,ARR,1429,1,1,0,3,2,4,8,13,61,136,257,294,243,158,89,53,32,16,7,10,7,2,8,0,2,22,0.385584325,0.170048985,0.11056683,0.099370189,0.280615815,0.765570329
CINDACTA III,SBFZ,2022-07,ARR,1848,3,3,3,1,4,1,3,19,64,176,294,352,309,237,119,65,50,40,15,21,9,10,11,6,3,30,0.3495671,0.167207792,0.128246753,0.0995671,0.295454545,0.744588745
CINDACTA III,SBFZ,2022-08,ARR,1697,1,1,2,2,1,3,6,22,42,127,245,325,296,241,119,95,42,34,21,18,14,10,7,1,3,19,0.335886859,0.174425457,0.142015321,0.126104891,0.316440778,0.778432528
CINDACTA III,SBFZ,2022-09,ARR,1621,0,1,0,2,2,2,4,12,50,123,247,322,253,232,109,80,41,31,25,7,17,12,5,7,3,34,0.35101789,0.156076496,0.14312153,0.116594695,0.299198026,0.766810611
CINDACTA III,SBFZ,2022-10,ARR,1776,1,1,0,3,2,8,5,33,84,223,314,326,242,189,104,48,42,26,25,11,12,15,11,7,6,38,0.36036036,0.136261261,0.106418919,0.085585586,0.24268018,0.688626126
CINDACTA III,SBFZ,2022-11,ARR,1726,1,0,1,1,1,7,5,11,69,135,263,290,235,197,99,89,53,55,38,27,24,23,21,9,15,57,0.320393975,0.136152955,0.114136732,0.108922364,0.250289687,0.679606025
CINDACTA III,SBFZ,2022-12,ARR,1859,0,0,2,1,0,1,5,16,65,153,269,290,265,219,121,92,77,57,46,28,21,19,19,13,13,67,0.300699301,0.142549758,0.117805272,0.11457773,0.26035503,0.67563206
CRCEA-SE,SBGL,2022-01,ARR,2162,5,0,0,0,4,5,18,35,88,229,272,297,292,244,153,107,93,68,48,33,32,24,19,17,11,68,0.263182239,0.13506013,0.112858464,0.120259019,0.247918594,0.631359852
CRCEA-SE,SBGL,2022-02,ARR,1721,5,0,2,3,2,7,9,35,104,214,269,271,208,204,111,72,49,33,19,15,10,8,8,6,4,53,0.313771063,0.120859965,0.118535735,0.106333527,0.2393957,0.659500291
CRCEA-SE,SBGL,2022-03,ARR,1790,3,3,2,0,5,5,15,30,69,190,297,296,250,208,110,75,45,29,41,15,17,9,9,6,5,56,0.331284916,0.139664804,0.116201117,0.103351955,0.255865922,0.690502793
CRCEA-SE,SBGL,2022-04,ARR,1264,5,0,0,0,2,6,12,30,62,117,184,188,182,141,82,62,33,32,23,20,9,13,10,4,5,42,0.294303797,0.143987342,0.111550633,0.113924051,0.255537975,0.663765823
CRCEA-SE,SBGL,2022-05,ARR,1322,0,0,0,2,4,7,15,22,56,106,161,201,172,169,96,75,64,46,32,23,16,11,7,6,1,30,0.273827534,0.1301059,0.127836611,0.12934947,0.257942511,0.661119516
CRCEA-SE,SBGL,2022-06,ARR,1269,1,1,1,2,5,11,16,24,63,141,189,192,152,150,77,58,39,33,13,16,13,9,6,5,4,48,0.300236407,0.119779354,0.11820331,0.106382979,0.237982664,0.644602049
CRCEA-SE,SBGL,2022-07,ARR,1447,1,0,0,0,3,4,12,36,73,109,188,191,213,192,88,83,50,46,33,23,16,11,15,2,10,48,0.261921216,0.147201106,0.132688321,0.118175536,0.279889426,0.659986178
CRCEA-SE,SBGL,2022-08,ARR,1426,0,0,0,1,1,7,18,37,89,80,182,187,208,178,117,87,52,41,28,28,14,18,8,8,2,35,0.258765778,0.145862553,0.124824684,0.143057504,0.270687237,0.672510519
CRCEA-SE,SBGL,2022-09,ARR,1444,0,0,1,2,3,9,16,31,88,115,191,211,177,173,107,64,55,36,24,29,24,16,16,7,5,44,0.278393352,0.122576177,0.119806094,0.118421053,0.242382271,0.639196676
CRCEA-SE,SBGL,2022-10,ARR,1530,0,0,4,4,13,13,18,31,49,109,187,218,209,182,101,90,69,38,31,27,25,20,17,8,8,59,0.264705882,0.136601307,0.118954248,0.124836601,0.255555556,0.645098039
CRCEA-SE,SBGL,2022-11,ARR,1545,1,0,2,10,10,25,26,30,70,89,161,198,185,170,102,85,54,55,45,36,36,18,10,16,13,98,0.23236246,0.1197411,0.110032362,0.121035599,0.229773463,0.583171521
CRCEA-SE,SBGL,2022-12,ARR,1832,29,0,0,4,5,10,7,23,35,123,151,192,193,227,137,114,105,86,59,59,40,33,34,14,16,136,0.187227074,0.105349345,0.123908297,0.137008734,0.229257642,0.55349345
CRCEA-SE,SBGR,2022-01,ARR,9578,10,9,14,30,50,97,211,450,768,1077,1289,1273,1038,879,517,353,307,232,188,134,99,83,64,52,38,316,0.267487993,0.108373356,0.091772813,0.090833159,0.200146168,0.558467321
CRCEA-SE,SBGR,2022-02,ARR,8023,15,5,12,22,45,108,225,451,902,1186,1301,1128,825,597,313,201,164,86,90,72,40,27,17,25,13,153,0.302754581,0.102829366,0.074411068,0.064065811,0.177240434,0.544060825
CRCEA-SE,SBGR,2022-03,ARR,8886,15,8,11,27,56,103,249,545,957,1281,1375,1188,880,691,364,260,183,136,86,84,56,52,28,27,24,200,0.28843124,0.099032185,0.077762773,0.070222822,0.176794958,0.535449021
CRCEA-SE,SBGR,2022-04,ARR,8150,10,8,13,17,47,103,264,565,912,1244,1259,1057,776,570,301,231,183,104,95,61,47,26,35,27,27,168,0.284171779,0.095214724,0.06993865,0.065276074,0.165153374,0.514601227
CRCEA-SE,SBGR,2022-05,ARR,8796,7,11,12,28,57,101,213,461,918,1182,1448,1245,898,705,383,268,165,140,109,72,58,37,31,20,25,202,0.306161892,0.10209186,0.080150068,0.074010914,0.182241928,0.562414734
CRCEA-SE,SBGR,2022-06,ARR,8568,3,4,8,17,38,71,162,373,754,1180,1447,1306,938,693,366,251,175,124,110,71,59,43,40,42,33,260,0.321311858,0.109477124,0.080882353,0.072012138,0.190359477,0.583683473
CRCEA-SE,SBGR,2022-07,ARR,10338,17,4,4,21,32,72,147,330,692,1325,1659,1603,1243,1032,519,375,236,181,140,108,83,76,64,40,26,309,0.31553492,0.120236022,0.099825885,0.086477075,0.220061908,0.622073902
CRCEA-SE,SBGR,2022-08,ARR,10196,30,10,15,29,50,91,164,374,744,1201,1596,1495,1206,989,558,405,262,186,143,129,81,52,59,32,39,256,0.303158101,0.118281679,0.096998823,0.094448803,0.215280502,0.612887407
CRCEA-SE,SBGR,2022-09,ARR,9722,8,5,7,27,33,67,150,311,757,1244,1570,1562,1143,913,462,362,226,184,134,91,81,63,30,34,28,230,0.322155935,0.117568402,0.093910718,0.084756223,0.21147912,0.618391278
CRCEA-SE,SBGR,2022-10,ARR,10017,11,3,21,31,42,91,151,331,676,1160,1532,1522,1194,929,571,363,276,201,170,147,98,73,46,45,39,294,0.304881701,0.119197364,0.092742338,0.093241489,0.211939703,0.610062893
CRCEA-SE,SBGR,2022-11,ARR,9729,10,5,19,40,64,122,222,413,717,1068,1345,1327,1055,897,555,382,275,235,172,128,119,78,66,51,44,320,0.27464282,0.108438688,0.092198582,0.096310001,0.20063727,0.571590091
CRCEA-SE,SBGR,2022-12,ARR,10721,7,2,10,12,38,75,175,354,752,1229,1505,1420,1176,1035,646,472,351,258,230,152,136,103,69,63,59,392,0.272829027,0.10969126,0.096539502,0.104281317,0.206230762,0.583341106
CRCEA-SE,SBKP,2022-01,ARR,3964,19,4,5,10,15,18,34,89,191,365,570,622,476,455,234,174,117,113,76,70,41,26,30,19,20,171,0.300706357,0.120080727,0.114783047,0.102926337,0.234863774,0.638496468
CRCEA-SE,SBKP,2022-02,ARR,4061,19,3,4,12,6,31,67,154,368,596,729,700,453,334,150,77,57,36,30,24,20,16,22,9,16,128,0.351883772,0.11154888,0.082245752,0.055897562,0.193794632,0.601575967
CRCEA-SE,SBKP,2022-03,ARR,4796,27,5,4,7,14,34,48,136,377,683,844,883,594,395,190,112,78,59,33,33,29,11,11,15,11,163,0.360091743,0.123853211,0.0823603,0.062969141,0.206213511,0.629274395
CRCEA-SE,SBKP,2022-04,ARR,4877,17,5,6,16,23,25,47,148,337,720,865,886,634,417,192,106,83,54,39,41,26,20,9,15,15,131,0.359032192,0.12999795,0.085503383,0.061103137,0.215501333,0.635636662
CRCEA-SE,SBKP,2022-05,ARR,5380,17,7,13,5,13,32,44,141,337,647,877,923,689,508,229,163,114,100,81,57,47,34,26,35,16,225,0.334572491,0.128066914,0.094423792,0.072862454,0.222490706,0.629925651
CRCEA-SE,SBKP,2022-06,ARR,4677,28,6,10,16,23,18,61,128,335,678,834,706,578,432,187,138,87,68,42,40,26,25,19,22,21,149,0.3292709,0.123583494,0.092366902,0.069488989,0.215950396,0.614710284
CRCEA-SE,SBKP,2022-07,ARR,5186,30,2,5,15,10,21,48,114,365,680,881,869,674,532,224,150,93,99,50,43,32,31,26,20,16,156,0.337446973,0.129965291,0.10258388,0.072117239,0.232549171,0.642113382
CRCEA-SE,SBKP,2022-08,ARR,5384,33,4,7,13,19,47,84,239,478,721,892,778,635,473,248,172,119,90,56,40,39,24,28,19,8,118,0.310178306,0.117942051,0.087852897,0.078008915,0.205794948,0.593982169
CRCEA-SE,SBKP,2022-09,ARR,5326,26,5,11,18,21,39,77,215,461,753,852,787,581,452,244,166,123,78,65,50,36,30,23,24,19,170,0.307735637,0.109087495,0.084866692,0.076980849,0.193954187,0.578670672
CRCEA-SE,SBKP,2022-10,ARR,5494,28,4,3,11,18,30,78,209,444,772,956,794,592,447,253,172,139,100,70,51,53,26,23,26,24,171,0.318529305,0.107753913,0.081361485,0.077357117,0.189115399,0.58500182
CRCEA-SE,SBKP,2022-11,ARR,5299,27,2,4,9,15,15,46,136,376,666,982,855,628,515,248,166,128,89,61,44,36,34,27,25,15,150,0.346669183,0.118512927,0.097188149,0.078127949,0.215701076,0.640498207
CRCEA-SE,SBKP,2022-12,ARR,5425,30,2,4,8,13,19,39,95,295,564,792,819,663,578,298,244,180,136,101,73,56,63,47,35,29,242,0.296958525,0.122211982,0.106543779,0.099907834,0.22875576,0.62562212
CINDACTA III,SBMO,2022-01,ARR,971,0,0,0,0,1,5,16,14,12,43,97,156,162,157,90,59,39,28,16,14,9,12,11,4,4,22,0.260556128,0.166838311,0.16168898,0.153450051,0.328527291,0.742533471
CINDACTA III,SBMO,2022-02,ARR,691,0,0,0,1,0,3,2,8,15,53,117,156,132,99,48,18,10,15,1,4,0,1,2,0,0,6,0.395079595,0.191027496,0.143270622,0.095513748,0.334298119,0.824891462
CINDACTA III,SBMO,2022-03,ARR,762,0,0,0,0,0,0,1,5,18,56,126,152,150,99,50,34,24,10,12,5,2,3,0,2,3,10,0.364829396,0.196850394,0.12992126,0.11023622,0.326771654,0.80183727
CINDACTA III,SBMO,2022-04,ARR,627,0,0,0,0,1,0,1,5,7,33,82,155,102,109,43,22,21,11,11,7,3,3,0,0,0,11,0.377990431,0.162679426,0.1738437,0.103668262,0.336523126,0.818181818
CINDACTA III,SBMO,2022-05,ARR,602,0,0,0,0,0,0,3,5,18,32,90,115,93,95,48,32,22,8,7,10,5,2,2,2,6,7,0.340531561,0.15448505,0.157807309,0.132890365,0.312292359,0.785714286
CINDACTA III,SBMO,2022-06,ARR,593,0,0,0,0,0,1,1,3,16,38,72,126,120,87,46,21,15,10,8,4,4,2,3,2,2,12,0.333895447,0.202360877,0.146711636,0.112984823,0.349072513,0.795952782
CINDACTA III,SBMO,2022-07,ARR,814,3,1,0,0,0,0,2,5,27,54,85,155,178,98,66,39,22,18,15,13,5,9,2,1,5,11,0.294840295,0.218673219,0.12039312,0.128992629,0.339066339,0.762899263
CINDACTA III,SBMO,2022-08,ARR,718,0,0,0,0,0,0,2,4,13,48,82,145,125,110,63,38,22,14,11,6,7,1,4,5,2,16,0.316155989,0.174094708,0.153203343,0.140668524,0.32729805,0.784122563
CINDACTA III,SBMO,2022-09,ARR,656,0,0,1,0,0,0,0,5,8,43,99,138,116,82,41,34,22,16,14,8,9,4,0,1,3,12,0.361280488,0.176829268,0.125,0.114329268,0.301829268,0.777439024
CINDACTA III,SBMO,2022-10,ARR,711,0,0,0,0,0,0,1,4,21,45,108,130,138,85,43,31,18,15,16,13,13,10,1,5,4,10,0.334739803,0.194092827,0.11954993,0.104078762,0.313642757,0.752461322
CINDACTA III,SBMO,2022-11,ARR,615,0,0,0,0,0,1,1,0,10,31,70,104,88,93,56,42,30,13,16,6,9,7,8,9,3,18,0.282926829,0.143089431,0.151219512,0.159349593,0.294308943,0.736585366
CINDACTA III,SBMO,2022-12,ARR,778,0,0,0,0,0,1,2,2,15,41,85,131,96,132,73,38,42,24,18,14,9,13,12,5,5,20,0.277634961,0.123393316,0.16966581,0.142673522,0.293059126,0.713367609
CINDACTA II,SBPA,2022-01,ARR,2251,0,0,2,1,0,8,23,56,132,335,407,399,288,197,103,62,50,40,26,20,18,13,7,15,6,43,0.358063083,0.127943136,0.087516659,0.073300755,0.215459796,0.646823634
CINDACTA II,SBPA,2022-02,ARR,1794,0,0,0,0,1,5,15,46,145,297,382,322,227,137,69,48,29,16,8,5,5,9,5,2,2,19,0.392419175,0.126532887,0.076365663,0.065217391,0.202898551,0.660535117
CINDACTA II,SBPA,2022-03,ARR,2102,1,0,0,0,1,5,17,59,139,334,439,451,236,155,70,45,30,24,18,15,13,9,1,6,0,34,0.42340628,0.112274025,0.073739296,0.0547098,0.186013321,0.664129401
CINDACTA II,SBPA,2022-04,ARR,2171,0,0,0,0,0,1,7,25,85,201,407,457,324,232,100,88,50,48,34,15,12,9,9,8,6,53,0.397973284,0.149239982,0.106863197,0.086596039,0.256103178,0.740672501
CINDACTA II,SBPA,2022-05,ARR,2435,0,0,0,0,0,1,8,18,74,208,424,467,397,290,140,99,66,49,38,27,21,15,8,10,7,68,0.365913758,0.163039014,0.119096509,0.098151951,0.282135524,0.746201232
CINDACTA II,SBPA,2022-06,ARR,2298,0,0,0,0,1,1,5,16,67,190,322,456,398,337,181,104,58,48,26,16,13,11,11,8,5,24,0.338555265,0.173194082,0.14664926,0.124020888,0.319843342,0.782419495
CINDACTA II,SBPA,2022-07,ARR,2490,0,0,4,2,2,6,10,31,78,188,330,471,400,317,191,141,94,68,30,33,16,8,11,8,7,44,0.321686747,0.16064257,0.127309237,0.133333333,0.287951807,0.742971888
CINDACTA II,SBPA,2022-08,ARR,2310,0,0,0,1,4,5,14,31,81,163,319,408,349,306,171,119,96,63,41,39,25,14,9,8,7,37,0.314718615,0.151082251,0.132467532,0.125541126,0.283549784,0.723809524
CINDACTA II,SBPA,2022-09,ARR,2216,1,0,0,2,4,3,6,27,86,161,280,370,354,334,161,112,78,56,45,34,20,12,8,9,8,45,0.2933213,0.159747292,0.150722022,0.123194946,0.310469314,0.72698556
CINDACTA II,SBPA,2022-10,ARR,2301,0,0,0,0,2,5,10,20,81,190,365,424,333,274,149,112,68,51,38,33,28,21,20,12,5,60,0.342894394,0.144719687,0.119078661,0.113428944,0.263798349,0.720121686
CINDACTA II,SBPA,2022-11,ARR,2362,0,0,1,0,1,2,4,15,58,176,315,392,329,263,174,136,110,82,60,42,42,32,23,16,11,78,0.299322608,0.139288738,0.111346317,0.131244708,0.250635055,0.681202371
CINDACTA II,SBPA,2022-12,ARR,2469,0,0,0,0,1,1,9,23,69,168,303,375,320,336,185,138,126,87,66,51,31,26,37,15,14,88,0.274605103,0.129607128,0.136087485,0.130822195,0.265694613,0.671121912
CINDACTA III,SBPS,2022-01,ARR,905,0,0,0,2,2,7,10,17,39,90,125,125,131,113,78,47,29,19,16,5,9,5,8,1,2,25,0.276243094,0.144751381,0.124861878,0.138121547,0.26961326,0.683977901
CINDACTA III,SBPS,2022-02,ARR,550,0,0,0,0,0,0,1,7,21,61,85,125,106,59,27,18,8,5,4,3,3,0,0,0,0,17,0.381818182,0.192727273,0.107272727,0.081818182,0.3,0.763636364
CINDACTA III,SBPS,2022-03,ARR,609,0,0,0,0,0,0,0,6,26,58,108,107,106,89,36,26,14,4,7,3,3,2,1,0,3,10,0.353037767,0.174055829,0.146141215,0.10180624,0.320197044,0.775041051
CINDACTA III,SBPS,2022-04,ARR,520,0,0,0,0,1,0,1,8,14,48,86,115,104,62,33,9,9,4,6,4,4,1,1,2,0,8,0.386538462,0.2,0.119230769,0.080769231,0.319230769,0.786538462
CINDACTA III,SBPS,2022-05,ARR,477,0,0,0,0,1,2,0,3,10,49,87,128,80,54,10,13,8,8,6,5,3,0,0,2,3,5,0.450733753,0.167714885,0.113207547,0.048218029,0.280922432,0.779874214
CINDACTA III,SBPS,2022-06,ARR,485,0,0,0,0,0,1,3,6,26,51,114,92,75,48,22,10,11,4,6,1,4,1,0,1,0,9,0.424742268,0.154639175,0.098969072,0.065979381,0.253608247,0.744329897
CINDACTA III,SBPS,2022-07,ARR,882,3,2,0,3,6,17,33,43,61,99,133,146,117,83,45,26,18,11,6,6,5,3,3,3,1,9,0.316326531,0.132653061,0.094104308,0.080498866,0.22675737,0.623582766
CINDACTA III,SBPS,2022-08,ARR,569,0,1,1,0,0,3,3,11,15,48,88,121,108,65,30,19,14,16,11,5,3,2,0,1,0,4,0.367311072,0.189806678,0.114235501,0.086115993,0.304042179,0.757469244
CINDACTA III,SBPS,2022-09,ARR,535,0,0,0,0,0,9,17,10,42,48,79,88,71,63,26,16,15,5,9,9,5,3,1,2,1,16,0.312149533,0.13271028,0.117757009,0.078504673,0.25046729,0.641121495
CINDACTA III,SBPS,2022-10,ARR,619,0,0,0,0,2,3,12,16,19,58,109,125,94,54,46,23,13,9,5,8,3,2,2,1,0,15,0.378029079,0.151857835,0.08723748,0.111470113,0.239095315,0.728594507
CINDACTA III,SBPS,2022-11,ARR,596,0,0,0,0,0,1,5,13,29,55,71,89,82,70,44,31,25,11,15,11,8,5,5,6,2,18,0.268456376,0.137583893,0.117449664,0.125838926,0.255033557,0.649328859
CINDACTA III,SBPS,2022-12,ARR,783,0,0,0,0,0,1,3,17,30,65,91,101,122,83,52,57,30,21,17,18,11,4,7,10,5,38,0.245210728,0.155810983,0.106002554,0.139208174,0.261813538,0.646232439
CINDACTA III,SBRF,2022-01,ARR,3251,0,0,0,0,0,3,3,9,43,145,342,457,522,554,325,218,164,108,82,66,48,32,16,20,17,77,0.245770532,0.16056598,0.170409105,0.167025531,0.330975085,0.743771147
CINDACTA III,SBRF,2022-02,ARR,2632,0,0,0,0,2,1,1,10,47,183,338,520,477,414,231,132,92,60,28,18,13,11,12,2,3,37,0.325987842,0.181231003,0.157294833,0.137917933,0.338525836,0.802431611
CINDACTA III,SBRF,2022-03,ARR,3167,0,0,0,0,0,4,5,14,72,225,437,552,548,504,241,164,120,66,50,32,30,18,10,9,7,59,0.312282918,0.173034417,0.159141143,0.127881276,0.33217556,0.772339754
CINDACTA III,SBRF,2022-04,ARR,2928,0,0,0,0,0,0,0,10,68,198,405,518,548,451,246,140,95,67,49,21,29,15,13,9,5,41,0.31523224,0.18715847,0.154030055,0.131830601,0.341188525,0.788251366
CINDACTA III,SBRF,2022-05,ARR,3121,0,0,0,0,1,0,3,15,81,196,398,511,490,471,303,169,127,95,64,36,28,32,14,12,8,67,0.291252804,0.157000961,0.150913169,0.151233579,0.30791413,0.750400513
CINDACTA III,SBRF,2022-06,ARR,2893,0,0,0,0,0,0,0,15,54,184,391,485,491,452,238,146,105,86,48,38,31,30,18,7,14,60,0.302799862,0.169720014,0.156239198,0.132734186,0.325959212,0.76149326
CINDACTA III,SBRF,2022-07,ARR,3318,0,0,0,1,2,1,5,14,69,216,412,621,602,531,274,164,109,75,56,42,19,22,15,14,8,46,0.311332128,0.181434599,0.160036166,0.132007233,0.341470766,0.784810127
CINDACTA III,SBRF,2022-08,ARR,3013,5,1,0,1,0,3,2,12,41,161,323,479,490,527,278,227,141,79,62,42,31,21,18,5,13,51,0.266179887,0.162628609,0.174908729,0.167607036,0.337537338,0.771324262
CINDACTA III,SBRF,2022-09,ARR,2818,1,0,2,0,3,4,10,16,50,161,328,475,472,455,276,173,110,70,49,31,25,16,20,10,15,46,0.284953868,0.167494677,0.16146203,0.15933286,0.328956707,0.773243435
CINDACTA III,SBRF,2022-10,ARR,2908,1,0,0,1,2,2,6,30,86,199,430,508,494,418,215,135,90,57,40,35,30,21,18,14,13,63,0.322558459,0.169876204,0.143741403,0.120357634,0.313617607,0.7565337
CINDACTA III,SBRF,2022-11,ARR,2626,0,0,0,1,1,4,7,32,80,163,294,427,411,363,201,144,122,66,63,40,34,18,21,20,16,98,0.274562072,0.156511805,0.138233054,0.131378522,0.294744859,0.700685453
CINDACTA III,SBRF,2022-12,ARR,3084,0,0,0,0,0,5,21,46,114,242,386,457,464,422,223,163,105,94,64,35,41,42,26,25,16,93,0.273346304,0.150453956,0.136835279,0.125162127,0.287289235,0.685797665
CRCEA-SE,SBRJ,2022-01,ARR,3051,0,0,0,0,1,2,9,41,142,326,546,504,429,386,180,109,98,57,49,32,27,21,9,14,10,59,0.344149459,0.140609636,0.126515896,0.094723042,0.267125533,0.705998033
CRCEA-SE,SBRJ,2022-02,ARR,2711,0,0,0,0,0,1,2,27,161,339,597,554,420,261,129,73,43,35,15,13,5,8,5,3,4,16,0.424566581,0.154924382,0.096274437,0.07451125,0.25119882,0.750276651
CRCEA-SE,SBRJ,2022-03,ARR,3333,0,0,0,0,0,1,4,18,110,367,641,642,542,414,192,141,75,47,29,24,15,10,6,6,10,39,0.384938494,0.162616262,0.124212421,0.099909991,0.286828683,0.771677168
CRCEA-SE,SBRJ,2022-04,ARR,3730,0,0,0,0,1,0,3,29,141,381,646,724,563,514,216,154,90,75,40,36,29,13,15,11,7,42,0.367292225,0.150938338,0.137801609,0.09919571,0.288739946,0.755227882
CRCEA-SE,SBRJ,2022-05,ARR,4191,0,0,0,0,1,2,4,36,164,473,742,833,599,553,259,149,94,76,32,35,28,20,15,9,10,57,0.375805297,0.142925316,0.131949415,0.097351467,0.274874732,0.748031496
CRCEA-SE,SBRJ,2022-06,ARR,3876,0,0,0,0,1,1,5,43,165,467,730,756,615,435,208,148,97,49,40,30,13,12,9,9,8,35,0.383384933,0.158668731,0.112229102,0.091847265,0.270897833,0.746130031
CRCEA-SE,SBRJ,2022-07,ARR,4303,0,0,0,0,0,2,1,18,116,379,745,782,693,580,301,213,121,96,60,45,34,15,15,14,12,61,0.354868696,0.16105043,0.134789682,0.119451545,0.295840112,0.770160353
CRCEA-SE,SBRJ,2022-08,ARR,4294,0,0,0,0,0,0,7,33,139,449,690,747,645,571,280,213,128,102,79,38,29,31,25,13,8,67,0.334653004,0.150209595,0.132976246,0.114811365,0.283185841,0.73265021
CRCEA-SE,SBRJ,2022-09,ARR,4203,0,0,0,0,0,0,7,28,148,360,647,712,604,561,298,211,160,102,58,47,50,38,30,18,15,109,0.323340471,0.143706876,0.133476089,0.121103973,0.277182965,0.721627409
CRCEA-SE,SBRJ,2022-10,ARR,4453,0,0,0,0,0,1,8,35,116,398,658,780,649,588,331,212,154,116,98,64,50,41,25,20,17,92,0.322928363,0.145744442,0.132045812,0.121940265,0.277790254,0.722658882
CRCEA-SE,SBRJ,2022-11,ARR,4486,0,0,0,0,2,0,7,33,94,284,521,631,608,611,358,292,213,158,133,95,95,61,54,39,35,162,0.25679893,0.135532769,0.136201516,0.14489523,0.271734284,0.673428444
CRCEA-SE,SBRJ,2022-12,ARR,4596,0,0,1,2,2,3,7,40,73,227,537,610,643,612,364,302,218,182,130,100,78,87,39,54,47,238,0.249564839,0.139904265,0.133159269,0.144908616,0.273063534,0.667536989
CRCEA-SE,SBSP,2022-01,ARR,5253,2,0,0,0,0,3,20,93,310,644,914,919,681,545,280,185,167,105,74,60,48,38,27,22,18,98,0.348943461,0.129640206,0.103750238,0.088520845,0.233390444,0.67085475
CRCEA-SE,SBSP,2022-02,ARR,4065,1,0,0,0,0,3,18,70,330,630,979,848,460,328,138,81,60,25,13,7,9,6,7,3,1,48,0.449446494,0.113161132,0.080688807,0.053874539,0.193849938,0.697170972
CRCEA-SE,SBSP,2022-03,ARR,4585,0,0,0,0,0,3,10,66,288,621,904,914,675,456,227,137,74,50,44,31,19,7,5,6,7,41,0.39651036,0.147219193,0.099454744,0.079389313,0.246673937,0.72257361
CRCEA-SE,SBSP,2022-04,ARR,5423,0,0,0,1,0,3,10,78,293,670,1091,976,801,598,297,183,127,71,60,32,18,18,16,10,6,64,0.381154343,0.147704223,0.110271068,0.088511894,0.25797529,0.727641527
CRCEA-SE,SBSP,2022-05,ARR,6345,0,0,0,0,0,0,9,67,241,683,1138,1168,1022,744,407,242,174,103,74,50,39,23,25,16,8,112,0.363435776,0.16107171,0.117257683,0.102285264,0.278329393,0.744050433
CRCEA-SE,SBSP,2022-06,ARR,5921,0,0,0,0,0,1,5,58,275,662,1123,1245,971,631,319,209,110,60,66,43,26,23,11,11,6,66,0.399932444,0.163992569,0.106569836,0.089174126,0.270562405,0.759668975
CRCEA-SE,SBSP,2022-07,ARR,6589,0,0,0,0,1,0,7,39,196,589,1046,1265,1048,885,451,293,215,134,97,65,54,42,21,23,10,108,0.350736075,0.159052967,0.134314767,0.112915465,0.293367734,0.757019275
CRCEA-SE,SBSP,2022-08,ARR,6351,1,0,0,0,0,1,13,47,192,563,928,1010,962,828,497,348,228,177,137,100,70,52,41,34,20,102,0.305148795,0.151472209,0.13037317,0.133049913,0.281845379,0.720044088
CRCEA-SE,SBSP,2022-09,ARR,6061,0,0,0,0,0,2,6,51,199,592,922,1061,817,778,483,303,219,133,109,71,66,55,25,23,17,129,0.327173734,0.134796238,0.128361656,0.129681571,0.263157895,0.720013199
CRCEA-SE,SBSP,2022-10,ARR,6501,0,0,0,0,0,2,7,51,201,596,968,1084,897,884,458,322,263,160,135,98,77,46,44,35,29,144,0.315643747,0.137978772,0.13597908,0.119981541,0.273957853,0.709583141
CRCEA-SE,SBSP,2022-11,ARR,6999,4,0,0,0,1,2,13,58,187,470,749,924,918,821,525,422,348,292,222,160,152,112,99,82,83,355,0.239034148,0.131161595,0.117302472,0.135305044,0.248464066,0.622803258
CRCEA-SE,SBSP,2022-12,ARR,7360,0,0,0,0,0,2,8,61,190,472,891,1000,901,873,573,450,355,271,237,198,127,141,87,92,50,381,0.256929348,0.122418478,0.11861413,0.138994565,0.241032609,0.636956522
CINDACTA III,SBSV,2022-01,ARR,2657,0,0,0,0,0,0,6,36,94,244,402,456,410,346,197,150,82,56,44,18,20,10,13,9,2,62,0.322920587,0.154309371,0.130222055,0.130598419,0.284531426,0.738050433
CINDACTA III,SBSV,2022-02,ARR,2057,13,1,2,4,3,0,12,38,114,306,414,365,310,202,94,53,32,9,15,12,6,3,6,3,2,38,0.378706855,0.15070491,0.098201264,0.071463296,0.248906174,0.699076325
CINDACTA III,SBSV,2022-03,ARR,2369,0,0,0,0,0,1,9,48,140,297,462,458,334,247,118,66,54,39,18,14,9,7,6,6,5,31,0.388349515,0.140987759,0.104263402,0.077669903,0.245251161,0.711270578
CINDACTA III,SBSV,2022-04,ARR,2152,0,0,0,0,2,3,3,24,124,253,421,409,293,226,134,75,50,29,28,18,14,3,2,6,6,29,0.385687732,0.136152416,0.105018587,0.097118959,0.241171004,0.723977695
CINDACTA III,SBSV,2022-05,ARR,2061,13,0,0,1,1,2,8,27,136,246,410,358,290,195,128,72,45,30,15,12,13,6,6,10,5,32,0.372634643,0.140708394,0.094614265,0.097040272,0.235322659,0.704997574
CINDACTA III,SBSV,2022-06,ARR,1991,2,0,1,0,1,4,4,23,127,256,379,368,281,207,113,65,41,18,20,15,9,13,3,7,3,31,0.375188348,0.141135108,0.103967855,0.08940231,0.245102963,0.709693621
CINDACTA III,SBSV,2022-07,ARR,2291,5,0,0,1,1,2,9,37,126,256,388,402,347,255,125,95,57,34,26,18,23,12,10,8,7,47,0.344827586,0.151462244,0.111305107,0.096027935,0.262767351,0.703622872
CINDACTA III,SBSV,2022-08,ARR,2048,0,0,0,0,1,4,6,22,97,228,348,383,279,252,131,69,72,43,24,24,15,12,7,4,2,25,0.356933594,0.136230469,0.123046875,0.09765625,0.259277344,0.713867188
CINDACTA III,SBSV,2022-09,ARR,1927,0,1,1,5,3,5,13,36,90,200,354,356,257,185,121,72,61,40,35,11,18,7,7,5,4,40,0.368448365,0.133367929,0.096004152,0.100155682,0.229372081,0.697976129
CINDACTA III,SBSV,2022-10,ARR,1953,2,0,0,0,2,7,12,29,94,226,358,300,261,196,114,81,54,48,36,35,10,10,6,11,5,56,0.336917563,0.133640553,0.100358423,0.09984639,0.233998976,0.670762929
CINDACTA III,SBSV,2022-11,ARR,2054,25,0,0,0,0,1,6,14,59,126,202,264,282,286,165,119,113,82,58,44,38,27,17,20,14,92,0.226874391,0.137293087,0.139240506,0.138266796,0.276533593,0.641674781
CINDACTA III,SBSV,2022-12,ARR,2381,13,0,0,5,3,6,11,32,88,175,291,301,297,289,157,160,115,88,62,52,38,25,20,19,20,114,0.248635027,0.124737505,0.121377572,0.133137337,0.246115078,0.627887442
CINDACTA IV,SBBE,2022-01,DEP,1332,1,0,0,0,0,3,0,2,2,8,46,223,311,244,125,79,68,36,35,24,22,17,13,9,11,53,0.201951952,0.233483483,0.183183183,0.153153153,0.416666667,0.771771772
CINDACTA IV,SBBE,2022-02,DEP,1107,0,0,0,0,0,0,0,1,2,6,46,292,356,201,81,31,18,21,15,5,6,2,3,1,2,18,0.30532972,0.321589883,0.181571816,0.101174345,0.503161698,0.909665763
CINDACTA IV,SBBE,2022-03,DEP,1152,0,0,0,0,0,0,3,0,3,8,75,341,357,166,58,39,29,12,12,10,5,4,4,0,2,24,0.361111111,0.309895833,0.144097222,0.084201389,0.453993056,0.899305556
CINDACTA IV,SBBE,2022-04,DEP,955,1,0,0,0,2,1,4,3,1,7,47,237,293,166,63,32,23,16,8,12,7,3,4,1,1,23,0.297382199,0.306806283,0.17382199,0.09947644,0.480628272,0.877486911
CINDACTA IV,SBBE,2022-05,DEP,1168,0,0,0,0,0,0,0,0,1,13,51,283,360,214,75,44,29,24,9,15,9,6,3,2,8,22,0.285958904,0.308219178,0.183219178,0.101883562,0.491438356,0.879280822
CINDACTA IV,SBBE,2022-06,DEP,1156,1,0,0,0,0,0,4,2,4,6,52,285,344,216,61,49,31,22,11,8,5,10,6,7,0,32,0.291522491,0.297577855,0.186851211,0.095155709,0.484429066,0.871107266
CINDACTA IV,SBBE,2022-07,DEP,1409,1,1,1,1,0,1,3,4,3,14,67,289,415,262,94,62,53,27,20,12,7,15,5,4,3,45,0.252661462,0.294535131,0.18594748,0.11071682,0.480482612,0.843860894
CINDACTA IV,SBBE,2022-08,DEP,1267,1,1,1,1,0,1,0,0,0,16,71,299,357,232,73,47,31,29,22,18,15,4,8,4,4,32,0.292028414,0.281767956,0.183109708,0.094711918,0.464877664,0.851617995
CINDACTA IV,SBBE,2022-09,DEP,1127,0,0,0,0,1,0,1,2,2,10,53,315,340,191,48,45,25,23,9,12,10,8,5,1,4,22,0.326530612,0.301685892,0.169476486,0.082519965,0.471162378,0.880212955
CINDACTA IV,SBBE,2022-10,DEP,1186,0,0,0,2,0,0,0,2,4,11,71,310,336,190,61,42,36,29,14,8,11,9,7,8,4,31,0.321247892,0.283305228,0.160202361,0.086846543,0.443507589,0.851602024
CINDACTA IV,SBBE,2022-11,DEP,1073,0,0,0,0,1,2,0,1,5,9,28,192,310,220,94,50,30,19,15,19,10,6,6,9,7,40,0.205032619,0.288909599,0.205032619,0.134203169,0.493942218,0.833178006
CINDACTA IV,SBBE,2022-12,DEP,1178,0,0,0,0,1,0,0,3,0,5,27,229,318,214,104,63,41,38,22,18,15,13,14,6,9,38,0.217317487,0.269949066,0.181663837,0.141765705,0.451612903,0.810696095
CINDACTA I,SBBR,2022-01,DEP,4583,2,0,0,0,0,0,0,1,1,4,73,979,1382,830,402,270,160,106,85,54,34,34,24,22,17,103,0.229543967,0.301549204,0.18110408,0.146628846,0.482653284,0.858826096
CINDACTA I,SBBR,2022-02,DEP,3503,1,0,0,0,0,1,1,0,0,2,79,985,1271,608,220,111,63,42,33,18,11,3,8,9,4,33,0.303739652,0.362831858,0.173565515,0.094490437,0.536397374,0.934627462
CINDACTA I,SBBR,2022-03,DEP,3876,0,0,0,0,0,0,0,1,0,4,91,1194,1479,591,178,96,62,45,26,22,19,11,10,7,5,35,0.331527348,0.381578947,0.15247678,0.070691434,0.534055728,0.93627451
CINDACTA I,SBBR,2022-04,DEP,3549,0,0,0,0,0,1,0,0,1,13,87,902,1166,674,194,158,97,78,45,35,23,19,11,10,4,31,0.278670048,0.328543252,0.189912651,0.099182868,0.518455903,0.896308819
CINDACTA I,SBBR,2022-05,DEP,3913,1,0,0,0,1,0,1,0,0,1,81,1102,1347,672,243,141,95,46,37,34,20,10,7,11,8,55,0.302325581,0.344237158,0.171735242,0.098134424,0.5159724,0.916432405
CINDACTA I,SBBR,2022-06,DEP,3736,3,0,0,0,1,3,2,3,1,3,56,1084,1336,637,213,123,84,51,23,20,21,19,10,8,4,31,0.305139186,0.357601713,0.170503212,0.08993576,0.528104925,0.923179872
CINDACTA I,SBBR,2022-07,DEP,4625,0,0,0,0,1,1,2,1,2,2,76,936,1470,1012,429,215,139,97,62,39,31,21,16,9,12,52,0.218810811,0.317837838,0.218810811,0.139243243,0.536648649,0.894702703
CINDACTA I,SBBR,2022-08,DEP,4468,0,0,0,0,0,0,2,2,0,6,88,912,1417,940,350,238,133,112,64,59,36,22,13,14,3,57,0.223813787,0.317144136,0.21038496,0.131602507,0.527529096,0.882945389
CINDACTA I,SBBR,2022-09,DEP,4326,0,0,0,0,0,2,2,1,1,7,80,911,1427,867,341,221,135,83,59,34,29,18,19,14,18,57,0.229079982,0.329865927,0.200416089,0.129912159,0.530282016,0.889274156
CINDACTA I,SBBR,2022-10,DEP,4486,0,0,1,0,5,1,5,1,3,13,98,911,1430,860,339,213,160,100,86,65,33,25,20,19,9,89,0.224921979,0.318769505,0.191707535,0.123049487,0.51047704,0.858448506
CINDACTA I,SBBR,2022-11,DEP,4411,0,0,0,0,0,0,0,2,1,6,72,584,1233,869,405,282,187,155,113,94,85,58,53,32,16,164,0.148719111,0.279528452,0.197007481,0.155746996,0.476535933,0.78100204
CINDACTA I,SBBR,2022-12,DEP,4669,1,0,0,0,0,0,0,1,1,5,66,702,1221,874,433,321,213,176,133,98,73,54,44,30,32,191,0.164489184,0.261512101,0.187192118,0.161490683,0.448704219,0.774684087
CINDACTA I,SBCF,2022-01,DEP,3453,0,0,0,0,0,0,0,1,1,5,41,492,963,828,334,201,136,103,88,53,29,23,24,14,21,96,0.154358529,0.278887924,0.239791486,0.154937735,0.518679409,0.827975673
CINDACTA I,SBCF,2022-02,DEP,2778,0,1,0,0,0,0,0,0,3,5,84,790,1038,439,130,65,53,46,30,12,11,10,10,5,10,36,0.314614831,0.373650108,0.158027358,0.070194384,0.531677466,0.916486681
CINDACTA I,SBCF,2022-03,DEP,3245,0,1,0,0,0,0,1,0,1,7,116,1002,1164,501,140,86,52,47,27,11,13,9,11,5,7,44,0.344530046,0.358705701,0.154391371,0.069645609,0.513097072,0.927272727
CINDACTA I,SBCF,2022-04,DEP,3388,1,0,0,1,0,0,0,0,0,6,113,949,1194,577,183,89,57,45,37,20,19,16,7,12,9,53,0.313459268,0.352420307,0.170306966,0.080283353,0.522727273,0.916469894
CINDACTA I,SBCF,2022-05,DEP,3728,1,0,0,0,0,0,1,0,0,14,142,1112,1271,549,178,106,78,51,31,33,21,16,9,11,9,95,0.336373391,0.340933476,0.147263948,0.076180258,0.488197425,0.900751073
CINDACTA I,SBCF,2022-06,DEP,3612,0,0,0,0,1,0,0,0,0,15,144,1032,1284,557,187,101,65,54,29,18,17,12,13,8,9,66,0.325581395,0.355481728,0.154208195,0.079734219,0.509689922,0.915005537
CINDACTA I,SBCF,2022-07,DEP,4120,0,0,0,0,0,0,0,1,1,5,121,996,1460,768,249,140,91,68,37,36,35,21,14,9,7,61,0.271116505,0.354368932,0.186407767,0.094417476,0.540776699,0.90631068
CINDACTA I,SBCF,2022-08,DEP,3895,0,0,0,0,0,0,0,0,0,9,109,900,1367,700,248,160,103,78,49,34,24,24,10,19,12,49,0.259050064,0.350962773,0.179717587,0.104749679,0.530680359,0.894480103
CINDACTA I,SBCF,2022-09,DEP,3846,1,0,0,0,0,0,0,1,1,11,108,892,1362,669,232,154,88,66,41,35,27,29,21,8,13,87,0.2600104,0.354134165,0.173946958,0.100364015,0.528081123,0.888455538
CINDACTA I,SBCF,2022-10,DEP,4031,0,0,0,0,0,0,0,0,1,13,125,939,1308,730,283,174,110,65,50,39,40,28,14,10,12,90,0.263954354,0.324485239,0.181096502,0.113371372,0.505581742,0.882907467
CINDACTA I,SBCF,2022-11,DEP,3787,0,0,0,0,0,0,1,0,1,8,69,603,1187,737,315,221,133,102,78,60,37,41,29,27,16,122,0.177449168,0.313440718,0.19461315,0.141536837,0.508053868,0.827039873
CINDACTA I,SBCF,2022-12,DEP,4028,0,0,0,0,0,0,1,3,4,4,54,542,1088,906,368,242,165,126,96,61,56,40,40,35,30,167,0.14796425,0.270109235,0.224925521,0.151439921,0.495034757,0.794438928
CINDACTA II,SBCG,2022-01,DEP,490,0,0,0,0,0,0,0,0,1,3,25,148,133,73,31,15,22,5,4,6,7,3,2,3,2,7,0.353061224,0.271428571,0.148979592,0.093877551,0.420408163,0.867346939
CINDACTA II,SBCG,2022-02,DEP,331,0,0,0,0,0,0,0,0,1,4,35,119,86,41,18,9,3,4,3,1,1,0,1,1,1,3,0.465256798,0.259818731,0.123867069,0.081570997,0.383685801,0.930513595
CINDACTA II,SBCG,2022-03,DEP,417,0,0,0,0,0,0,0,0,3,14,59,154,94,40,23,7,4,4,1,3,0,0,2,2,0,7,0.510791367,0.225419664,0.095923261,0.071942446,0.321342926,0.904076739
CINDACTA II,SBCG,2022-04,DEP,418,0,0,0,0,0,0,0,0,0,7,63,168,77,39,20,16,7,5,3,6,2,0,1,0,0,4,0.552631579,0.184210526,0.093301435,0.086124402,0.277511962,0.916267943
CINDACTA II,SBCG,2022-05,DEP,451,0,0,0,0,0,0,1,0,1,4,36,181,113,51,26,8,8,2,4,3,1,2,4,2,0,4,0.481152993,0.250554324,0.11308204,0.075388027,0.363636364,0.920177384
CINDACTA II,SBCG,2022-06,DEP,430,0,0,0,0,0,0,0,0,0,1,52,156,99,54,26,6,6,6,6,1,3,3,1,0,0,10,0.48372093,0.230232558,0.125581395,0.074418605,0.355813953,0.913953488
CINDACTA II,SBCG,2022-07,DEP,521,0,0,0,0,0,0,0,0,0,6,53,188,124,65,27,14,10,8,5,3,5,1,1,3,0,8,0.462571977,0.238003839,0.124760077,0.078694818,0.362763916,0.90403071
CINDACTA II,SBCG,2022-08,DEP,497,0,0,0,0,0,0,0,0,2,14,52,171,113,62,25,12,7,6,6,7,4,5,3,2,0,6,0.448692153,0.227364185,0.124748491,0.07444668,0.352112676,0.875251509
CINDACTA II,SBCG,2022-09,DEP,465,0,0,0,0,0,0,0,2,7,12,63,175,91,43,14,15,11,9,3,5,1,3,0,3,0,8,0.511827957,0.195698925,0.092473118,0.062365591,0.288172043,0.862365591
CINDACTA II,SBCG,2022-10,DEP,486,0,0,0,0,0,0,0,0,0,11,64,165,103,50,21,22,14,2,6,5,3,0,2,2,3,13,0.471193416,0.211934156,0.102880658,0.088477366,0.314814815,0.874485597
CINDACTA II,SBCG,2022-11,DEP,528,0,0,0,0,0,0,0,0,1,17,65,178,103,65,23,16,17,11,3,3,6,6,2,2,3,7,0.460227273,0.195075758,0.123106061,0.073863636,0.318181818,0.852272727
CINDACTA II,SBCG,2022-12,DEP,579,0,0,0,0,0,0,0,0,1,8,68,199,115,66,42,12,9,15,10,6,5,5,4,2,1,11,0.461139896,0.198618307,0.113989637,0.093264249,0.312607945,0.86701209
CINDACTA II,SBCT,2022-01,DEP,1571,1,1,1,0,0,0,1,3,6,6,66,435,456,253,88,57,35,28,20,17,20,12,8,11,3,43,0.318905156,0.29026098,0.161043921,0.092297899,0.451304901,0.862507957
CINDACTA II,SBCT,2022-02,DEP,1351,0,1,0,0,0,0,0,0,2,8,75,411,411,203,80,46,28,20,14,9,2,3,2,5,3,28,0.359733531,0.304219097,0.150259067,0.093264249,0.454478164,0.907475944
CINDACTA II,SBCT,2022-03,DEP,1779,1,0,0,0,0,0,0,2,2,6,82,529,526,290,105,63,49,25,10,12,10,9,5,5,5,43,0.343451377,0.295671726,0.163012929,0.094435076,0.458684654,0.896571107
CINDACTA II,SBCT,2022-04,DEP,1912,1,0,0,1,0,0,0,0,0,3,83,582,588,283,103,68,26,27,32,16,19,11,9,2,8,50,0.347803347,0.307531381,0.148012552,0.089435146,0.455543933,0.892782427
CINDACTA II,SBCT,2022-05,DEP,2199,1,1,0,0,0,0,1,0,3,2,128,665,644,338,110,63,55,28,26,18,15,13,8,10,5,65,0.360618463,0.292860391,0.15370623,0.078672124,0.446566621,0.885857208
CINDACTA II,SBCT,2022-06,DEP,2062,0,0,0,0,1,0,0,2,0,8,162,655,594,303,104,58,45,25,15,15,19,4,3,4,5,40,0.396217265,0.288069835,0.146944714,0.0785645,0.435014549,0.909796314
CINDACTA II,SBCT,2022-07,DEP,2189,0,1,0,0,0,0,0,0,3,9,125,643,643,375,121,60,48,34,29,11,14,5,7,5,7,49,0.350845135,0.293741434,0.171311101,0.082686158,0.465052535,0.898583828
CINDACTA II,SBCT,2022-08,DEP,2176,1,0,0,0,0,0,0,2,1,13,137,687,631,318,102,62,53,35,27,23,14,17,6,2,6,39,0.378676471,0.289981618,0.146139706,0.075367647,0.436121324,0.890165441
CINDACTA II,SBCT,2022-09,DEP,2108,0,1,0,0,0,1,1,2,2,8,107,608,611,272,130,97,66,42,32,15,17,16,11,3,9,57,0.339184061,0.289848197,0.129032258,0.107685009,0.418880455,0.865749526
CINDACTA II,SBCT,2022-10,DEP,2180,3,0,1,0,1,0,0,1,1,4,141,686,596,304,125,77,58,57,24,15,15,14,6,11,5,35,0.379357798,0.273394495,0.139449541,0.09266055,0.412844037,0.884862385
CINDACTA II,SBCT,2022-11,DEP,2157,0,0,0,0,0,0,0,0,1,2,77,563,583,327,143,104,78,49,38,25,23,19,18,24,13,70,0.296708391,0.2702828,0.151599444,0.114510895,0.421882244,0.83310153
CINDACTA II,SBCT,2022-12,DEP,2121,1,0,0,1,0,0,0,0,0,7,105,481,506,349,169,117,75,45,40,43,25,27,19,14,15,82,0.276284771,0.238566714,0.164545026,0.134842056,0.40311174,0.814238567
CINDACTA IV,SBCY,2022-01,DEP,1046,0,0,0,0,0,0,0,0,0,6,74,275,274,174,65,40,30,21,13,11,17,6,5,2,5,28,0.333652008,0.261950287,0.166347992,0.100382409,0.428298279,0.862332696
CINDACTA IV,SBCY,2022-02,DEP,740,0,0,0,0,0,1,0,1,1,22,114,280,165,76,27,14,10,6,3,4,4,1,0,1,0,10,0.532432432,0.222972973,0.102702703,0.055405405,0.325675676,0.913513514
CINDACTA IV,SBCY,2022-03,DEP,997,0,0,0,0,0,0,0,0,6,27,190,334,267,97,27,17,5,7,3,3,0,0,2,1,1,10,0.52557673,0.26780341,0.097291876,0.044132397,0.365095286,0.934804413
CINDACTA IV,SBCY,2022-04,DEP,1008,0,0,0,0,0,0,0,0,2,20,157,353,227,130,29,18,15,9,7,2,8,2,6,3,2,18,0.505952381,0.225198413,0.128968254,0.046626984,0.354166667,0.906746032
CINDACTA IV,SBCY,2022-05,DEP,1019,0,0,0,0,0,1,0,1,3,18,123,304,227,138,57,31,20,18,18,13,11,6,6,5,1,18,0.419038273,0.222767419,0.135426889,0.086359176,0.358194308,0.863591757
CINDACTA IV,SBCY,2022-06,DEP,948,0,0,0,0,0,0,0,1,1,7,87,248,234,152,64,35,30,12,15,8,8,5,6,2,3,30,0.353375527,0.246835443,0.160337553,0.10443038,0.407172996,0.864978903
CINDACTA IV,SBCY,2022-07,DEP,1202,0,0,0,0,0,0,0,2,1,20,126,375,289,191,54,34,12,23,8,8,15,2,4,4,5,29,0.416805324,0.240432612,0.15890183,0.073211314,0.399334443,0.889351082
CINDACTA IV,SBCY,2022-08,DEP,1188,0,0,0,0,0,0,0,0,1,14,128,359,315,148,66,42,33,15,14,7,5,7,4,0,8,22,0.40993266,0.265151515,0.124579125,0.090909091,0.38973064,0.890572391
CINDACTA IV,SBCY,2022-09,DEP,1117,0,0,0,0,0,0,0,0,3,11,123,351,301,158,55,30,18,11,12,6,6,2,4,3,1,22,0.42435094,0.269471799,0.141450313,0.076096688,0.410922113,0.91136974
CINDACTA IV,SBCY,2022-10,DEP,1128,0,0,0,0,0,0,0,1,2,35,149,381,283,105,50,34,23,16,10,12,7,3,2,4,1,10,0.469858156,0.250886525,0.093085106,0.074468085,0.343971631,0.888297872
CINDACTA IV,SBCY,2022-11,DEP,1086,0,0,0,0,0,0,1,0,1,15,88,300,302,166,49,43,31,16,13,16,10,5,3,1,5,21,0.357274401,0.278084715,0.152854512,0.084714549,0.430939227,0.872928177
CINDACTA IV,SBCY,2022-12,DEP,1236,0,0,0,0,0,0,0,0,0,9,93,310,331,212,73,52,31,29,13,15,15,6,5,2,7,33,0.32605178,0.267799353,0.171521036,0.101132686,0.439320388,0.866504854
CINDACTA IV,SBEG,2022-01,DEP,1231,12,2,1,0,1,1,3,2,8,18,86,190,256,215,97,76,60,42,33,22,18,13,10,4,7,54,0.224207961,0.207961007,0.174654752,0.140536149,0.38261576,0.74735987
CINDACTA IV,SBEG,2022-02,DEP,994,6,0,0,0,2,0,4,2,5,14,72,186,232,198,70,52,35,19,19,7,15,7,4,2,2,41,0.259557344,0.233400402,0.199195171,0.122736419,0.432595573,0.814889336
CINDACTA IV,SBEG,2022-03,DEP,1074,21,1,2,1,2,2,1,7,2,25,81,273,239,142,66,48,31,11,17,10,11,8,11,11,5,46,0.329608939,0.222532588,0.132216015,0.106145251,0.354748603,0.790502793
CINDACTA IV,SBEG,2022-04,DEP,901,11,1,2,0,5,7,9,10,11,23,57,173,192,135,64,38,37,13,16,13,12,6,6,4,7,49,0.25527192,0.213096559,0.149833518,0.113207547,0.362930078,0.731409545
CINDACTA IV,SBEG,2022-05,DEP,1007,12,1,1,3,1,2,2,2,2,26,85,238,231,123,68,45,23,26,19,7,13,10,7,4,2,54,0.320754717,0.22939424,0.122144985,0.112214499,0.351539225,0.784508441
CINDACTA IV,SBEG,2022-06,DEP,1024,4,2,1,4,2,2,3,8,9,15,72,193,219,169,70,41,38,22,13,13,10,9,6,5,11,83,0.258789063,0.213867188,0.165039063,0.108398438,0.37890625,0.74609375
CINDACTA IV,SBEG,2022-07,DEP,1123,15,0,1,0,3,3,2,8,5,19,85,245,288,160,72,45,28,29,17,11,11,8,4,2,8,54,0.293855744,0.256455922,0.142475512,0.104185218,0.398931434,0.796972395
CINDACTA IV,SBEG,2022-08,DEP,1100,10,0,0,0,0,2,2,1,7,19,72,194,257,198,80,56,31,32,29,13,16,11,11,8,5,46,0.241818182,0.233636364,0.18,0.123636364,0.413636364,0.779090909
CINDACTA IV,SBEG,2022-09,DEP,1009,14,0,0,0,1,0,0,5,11,21,78,211,253,167,49,47,32,21,12,8,13,9,7,4,1,45,0.2864222,0.25074331,0.165510406,0.095143707,0.416253717,0.797819623
CINDACTA IV,SBEG,2022-10,DEP,1060,8,1,1,0,1,3,3,8,9,22,60,182,241,188,87,50,39,24,17,13,19,12,7,4,9,52,0.228301887,0.227358491,0.177358491,0.129245283,0.404716981,0.762264151
CINDACTA IV,SBEG,2022-11,DEP,957,3,0,0,0,1,0,2,1,10,22,34,120,200,178,82,74,52,24,23,21,18,15,5,9,5,58,0.16091954,0.208986416,0.18599791,0.163009404,0.394984326,0.718913271
CINDACTA IV,SBEG,2022-12,DEP,1084,1,0,0,0,0,1,2,2,8,19,52,145,212,201,112,68,51,37,28,22,26,12,14,6,8,57,0.181734317,0.195571956,0.185424354,0.166051661,0.38099631,0.728782288
CINDACTA II,SBFI,2022-01,DEP,455,0,0,0,1,1,1,1,0,2,4,49,117,92,62,25,18,20,11,5,9,8,2,2,2,1,22,0.364835165,0.202197802,0.136263736,0.094505495,0.338461538,0.797802198
CINDACTA II,SBFI,2022-02,DEP,283,0,0,0,1,0,0,1,0,0,9,35,81,55,46,14,14,6,5,4,1,2,2,1,2,0,4,0.409893993,0.19434629,0.16254417,0.098939929,0.356890459,0.865724382
CINDACTA II,SBFI,2022-03,DEP,371,0,0,0,1,0,0,0,1,2,4,41,103,93,39,24,11,14,6,7,3,4,2,1,3,1,11,0.388140162,0.250673854,0.105121294,0.094339623,0.355795148,0.838274933
CINDACTA II,SBFI,2022-04,DEP,437,0,0,0,0,0,0,0,0,0,4,27,89,107,91,34,24,19,8,7,2,5,1,3,2,3,11,0.265446224,0.244851259,0.208237986,0.132723112,0.453089245,0.851258581
CINDACTA II,SBFI,2022-05,DEP,463,0,0,0,0,0,0,0,0,1,8,28,101,104,79,34,28,21,14,6,7,6,1,2,2,1,20,0.278617711,0.22462203,0.17062635,0.133909287,0.39524838,0.807775378
CINDACTA II,SBFI,2022-06,DEP,434,0,0,0,0,0,0,0,0,1,3,26,89,90,83,50,29,13,7,14,7,5,1,0,4,0,12,0.264976959,0.207373272,0.19124424,0.18202765,0.398617512,0.84562212
CINDACTA II,SBFI,2022-07,DEP,519,0,0,0,0,0,0,0,0,1,2,27,91,153,86,46,26,22,14,5,9,9,6,4,2,3,13,0.227360308,0.294797688,0.165703276,0.138728324,0.460500963,0.826589595
CINDACTA II,SBFI,2022-08,DEP,483,0,0,0,0,0,0,0,0,0,2,40,72,117,84,43,34,22,20,12,5,5,7,3,5,2,10,0.231884058,0.242236025,0.173913043,0.15942029,0.416149068,0.807453416
CINDACTA II,SBFI,2022-09,DEP,467,0,0,0,0,0,0,0,0,0,3,32,80,74,100,59,40,25,11,15,8,6,3,0,5,0,6,0.239828694,0.158458244,0.214132762,0.211991435,0.372591006,0.824411135
CINDACTA II,SBFI,2022-10,DEP,510,0,0,0,0,0,0,0,0,1,6,46,101,112,86,41,22,21,14,16,10,6,7,2,2,1,16,0.288235294,0.219607843,0.168627451,0.123529412,0.388235294,0.8
CINDACTA II,SBFI,2022-11,DEP,479,0,0,0,0,0,0,0,0,0,1,51,93,93,76,30,30,24,12,10,14,6,11,3,2,7,16,0.300626305,0.194154489,0.158663883,0.12526096,0.352818372,0.778705637
CINDACTA II,SBFI,2022-12,DEP,615,0,0,0,0,0,0,0,0,1,5,47,122,141,80,65,37,27,19,13,5,11,8,7,2,3,22,0.274796748,0.229268293,0.130081301,0.165853659,0.359349593,0.8
CINDACTA II,SBFL,2022-01,DEP,1292,0,0,0,0,0,0,0,1,0,4,77,306,307,233,108,69,40,49,17,19,5,15,8,1,7,26,0.296439628,0.237616099,0.180340557,0.136996904,0.417956656,0.851393189
CINDACTA II,SBFL,2022-02,DEP,888,0,0,0,0,0,0,1,0,1,13,83,310,223,130,38,21,19,18,6,3,2,4,0,1,1,14,0.442567568,0.251126126,0.146396396,0.066441441,0.397522523,0.906531532
CINDACTA II,SBFL,2022-03,DEP,1020,1,0,0,0,1,0,0,1,1,2,79,302,304,152,54,32,22,15,12,8,4,6,3,2,3,16,0.373529412,0.298039216,0.149019608,0.084313725,0.447058824,0.904901961
CINDACTA II,SBFL,2022-04,DEP,967,0,0,0,0,0,0,0,0,0,1,62,252,303,178,54,36,28,11,10,3,3,5,1,0,2,18,0.324715615,0.313340228,0.184074457,0.093071355,0.497414685,0.915201655
CINDACTA II,SBFL,2022-05,DEP,1068,0,0,0,1,0,0,0,0,0,2,79,297,303,166,68,39,28,20,15,10,4,5,5,2,4,20,0.352059925,0.283707865,0.155430712,0.100187266,0.439138577,0.891385768
CINDACTA II,SBFL,2022-06,DEP,984,0,0,0,0,0,0,0,0,0,2,70,301,298,146,72,35,25,8,8,4,2,2,3,0,1,7,0.37703252,0.302845528,0.148373984,0.108739837,0.451219512,0.93699187
CINDACTA II,SBFL,2022-07,DEP,1074,0,0,0,1,0,0,0,0,0,1,39,263,318,183,79,54,39,27,13,9,11,3,8,5,3,18,0.281191806,0.296089385,0.170391061,0.123836127,0.466480447,0.87150838
CINDACTA II,SBFL,2022-08,DEP,983,0,0,0,0,0,0,0,0,0,4,55,306,285,147,49,41,26,14,11,11,7,3,3,4,4,13,0.367243133,0.289928789,0.149542218,0.09155646,0.439471007,0.8982706
CINDACTA II,SBFL,2022-09,DEP,958,1,0,0,0,0,0,0,0,1,8,58,285,276,158,63,34,17,13,10,9,6,3,3,3,5,5,0.358037578,0.288100209,0.164926931,0.10125261,0.45302714,0.912317328
CINDACTA II,SBFL,2022-10,DEP,1078,0,0,0,0,0,0,1,3,5,11,75,323,291,147,64,37,21,15,16,10,3,10,10,3,3,30,0.369202226,0.269944341,0.136363636,0.093692022,0.406307978,0.869202226
CINDACTA II,SBFL,2022-11,DEP,1109,0,0,0,0,0,0,0,1,1,2,37,241,275,219,74,60,36,22,27,20,17,14,8,6,5,44,0.250676285,0.247971145,0.197475203,0.120829576,0.445446348,0.816952209
CINDACTA II,SBFL,2022-12,DEP,1372,0,0,0,0,0,0,0,2,1,10,59,266,318,196,100,84,70,49,35,40,25,20,13,9,10,65,0.236880466,0.231778426,0.142857143,0.134110787,0.374635569,0.745626822
CINDACTA III,SBFZ,2022-01,DEP,1979,10,1,1,2,2,3,1,3,2,6,73,369,502,384,165,117,87,54,28,38,26,23,13,8,9,52,0.223345124,0.253663466,0.194037393,0.14249621,0.447700859,0.813542193
CINDACTA III,SBFZ,2022-02,DEP,1513,1,0,0,1,0,0,0,0,2,4,55,393,478,323,95,41,32,25,19,9,5,2,2,2,2,22,0.296100463,0.315928619,0.213483146,0.08988764,0.529411765,0.915399868
CINDACTA III,SBFZ,2022-03,DEP,1684,1,1,0,0,0,1,1,1,1,7,87,443,568,293,94,44,34,17,21,10,13,4,5,7,7,24,0.314726841,0.337292162,0.173990499,0.081947743,0.51128266,0.907957245
CINDACTA III,SBFZ,2022-04,DEP,1377,1,0,0,0,0,2,1,1,1,10,90,329,358,278,101,64,34,24,18,11,10,13,6,2,3,20,0.304284677,0.259985476,0.201888163,0.119825708,0.461873638,0.885984023
CINDACTA III,SBFZ,2022-05,DEP,1472,0,0,1,0,2,2,0,0,3,3,99,376,435,254,103,56,34,17,17,14,7,7,6,7,8,21,0.322690217,0.295516304,0.172554348,0.108016304,0.468070652,0.898777174
CINDACTA III,SBFZ,2022-06,DEP,1430,1,0,0,1,1,0,2,2,3,13,79,316,403,323,111,52,30,25,11,7,6,10,4,5,3,22,0.276223776,0.281818182,0.225874126,0.113986014,0.507692308,0.897902098
CINDACTA III,SBFZ,2022-07,DEP,1848,2,1,2,1,1,1,2,1,2,13,89,366,513,401,152,87,70,36,21,18,11,4,9,7,4,34,0.246212121,0.277597403,0.216991342,0.129329004,0.494588745,0.87012987
CINDACTA III,SBFZ,2022-08,DEP,1701,0,0,0,0,0,0,1,1,2,8,58,283,442,377,172,129,63,45,38,16,15,10,5,6,4,26,0.200470312,0.259847149,0.221634333,0.176954733,0.481481481,0.858906526
CINDACTA III,SBFZ,2022-09,DEP,1625,0,0,0,0,0,0,0,0,0,19,74,278,428,321,175,106,73,33,32,13,13,8,10,5,5,32,0.216615385,0.263384615,0.197538462,0.172923077,0.460923077,0.850461538
CINDACTA III,SBFZ,2022-10,DEP,1779,0,0,0,0,0,0,0,0,2,19,108,339,494,381,129,84,44,30,29,15,14,15,15,10,4,47,0.251264755,0.277684092,0.214165261,0.119730185,0.491849354,0.862844295
CINDACTA III,SBFZ,2022-11,DEP,1755,0,0,0,0,0,1,0,1,0,9,78,260,402,379,156,110,80,63,39,30,29,23,14,10,12,59,0.192592593,0.229059829,0.215954416,0.151566952,0.445014245,0.789173789
CINDACTA III,SBFZ,2022-12,DEP,1878,0,0,0,0,0,0,0,2,1,14,117,348,454,319,162,80,84,71,33,40,28,14,10,17,9,75,0.247603834,0.241746539,0.169861555,0.12886049,0.411608094,0.788072417
CRCEA-SE,SBGL,2022-01,DEP,2148,0,1,1,2,0,0,0,2,2,2,1,23,170,513,441,289,185,103,96,60,51,48,33,30,12,83,0.011173184,0.079143389,0.238826816,0.339851024,0.317970205,0.668994413
CRCEA-SE,SBGL,2022-02,DEP,1716,1,0,0,1,1,3,1,2,5,3,11,56,214,572,377,201,83,47,25,21,16,11,7,10,6,42,0.039044289,0.124708625,0.333333333,0.336829837,0.458041958,0.833916084
CRCEA-SE,SBGL,2022-03,DEP,1788,0,0,0,2,2,1,3,4,4,8,11,45,198,589,395,211,104,49,40,28,19,16,14,4,4,37,0.031319911,0.110738255,0.329418345,0.338926174,0.4401566,0.810402685
CRCEA-SE,SBGL,2022-04,DEP,1264,0,0,0,0,0,0,2,0,1,1,7,27,167,370,276,121,75,56,40,16,22,14,12,3,3,51,0.026898734,0.132120253,0.292721519,0.314082278,0.424841772,0.765822785
CRCEA-SE,SBGL,2022-05,DEP,1316,0,0,0,0,0,0,1,0,0,3,5,32,163,380,292,145,79,54,41,20,17,19,7,11,7,40,0.028115502,0.123860182,0.288753799,0.332066869,0.412613982,0.772796353
CRCEA-SE,SBGL,2022-06,DEP,1276,0,0,0,0,0,0,1,0,0,1,7,64,238,395,260,114,55,36,21,13,9,11,7,6,5,33,0.055642633,0.186520376,0.309561129,0.293103448,0.496081505,0.844827586
CRCEA-SE,SBGL,2022-07,DEP,1450,1,0,0,0,0,0,2,3,6,5,19,95,242,388,225,138,84,54,38,31,24,13,10,6,7,59,0.07862069,0.166896552,0.267586207,0.250344828,0.434482759,0.763448276
CRCEA-SE,SBGL,2022-08,DEP,1410,0,0,0,1,0,0,1,3,7,10,23,104,219,369,252,137,85,55,40,20,23,9,14,5,8,25,0.090070922,0.155319149,0.261702128,0.275886525,0.417021277,0.782978723
CRCEA-SE,SBGL,2022-09,DEP,1437,1,0,0,0,0,0,1,1,4,10,29,95,208,416,268,142,72,50,36,15,12,11,5,6,6,49,0.086290884,0.144745999,0.289491997,0.285316632,0.434237996,0.805845511
CRCEA-SE,SBGL,2022-10,DEP,1526,3,0,0,2,1,1,0,1,4,4,21,75,213,374,288,153,93,73,43,44,25,13,19,8,12,56,0.062909567,0.139580603,0.24508519,0.288990826,0.384665793,0.736566186
CRCEA-SE,SBGL,2022-11,DEP,1505,0,1,2,2,10,11,6,1,2,1,9,83,235,355,248,153,83,48,48,42,32,23,13,10,10,77,0.061129568,0.156146179,0.235880399,0.266445183,0.392026578,0.719601329
CRCEA-SE,SBGL,2022-12,DEP,1806,24,0,0,0,0,1,0,1,1,1,12,103,236,382,310,161,114,84,72,50,39,35,22,19,28,111,0.063676633,0.130675526,0.211517165,0.260797342,0.342192691,0.666666667
CRCEA-SE,SBGR,2022-01,DEP,9659,10,1,1,0,0,0,1,1,2,20,43,674,3086,2410,745,375,368,432,350,240,165,130,86,73,68,378,0.074231287,0.319494772,0.249508231,0.115954033,0.569003002,0.759188322
CRCEA-SE,SBGR,2022-02,DEP,8050,11,0,0,0,0,0,1,1,4,20,65,741,3432,1954,464,185,205,265,189,115,72,40,31,29,13,213,0.100124224,0.426335404,0.242732919,0.080621118,0.669068323,0.849813665
CRCEA-SE,SBGR,2022-03,DEP,8933,8,0,1,0,1,1,4,4,3,11,73,790,3720,2105,554,214,234,314,221,149,108,66,50,42,27,233,0.096608082,0.416433449,0.235643121,0.085973357,0.65207657,0.83465801
CRCEA-SE,SBGR,2022-04,DEP,8175,4,0,1,1,2,5,2,3,6,34,81,748,3489,1928,436,175,243,296,204,122,79,54,41,28,23,170,0.101406728,0.426788991,0.235840979,0.074740061,0.662629969,0.838776758
CRCEA-SE,SBGR,2022-05,DEP,8839,4,1,2,1,2,1,0,2,4,31,133,437,3995,2135,459,453,328,200,145,96,70,57,47,20,21,195,0.064486933,0.451974205,0.241543161,0.103179093,0.693517366,0.861183392
CRCEA-SE,SBGR,2022-06,DEP,8624,6,1,0,0,1,2,3,2,3,26,127,395,3845,2108,459,467,326,198,151,100,63,58,40,25,23,195,0.060528757,0.445848794,0.244434137,0.107374768,0.690282931,0.858186456
CRCEA-SE,SBGR,2022-07,DEP,10419,13,2,0,1,1,3,2,3,6,31,147,473,4134,2753,601,664,399,283,191,161,103,74,69,34,31,240,0.059506671,0.396775122,0.264228813,0.121412804,0.661003935,0.841923409
CRCEA-SE,SBGR,2022-08,DEP,10244,9,1,1,4,4,1,2,0,3,32,157,473,3750,2718,610,683,435,330,254,173,117,85,59,45,42,256,0.061499414,0.366067942,0.265326045,0.126220226,0.631393987,0.819113627
CRCEA-SE,SBGR,2022-09,DEP,9783,10,1,3,1,1,1,2,6,2,29,140,430,3660,2475,606,648,462,293,234,184,123,81,58,46,35,252,0.058264336,0.374118369,0.25298988,0.128181539,0.627108249,0.813554125
CRCEA-SE,SBGR,2022-10,DEP,10072,5,2,0,2,2,3,6,3,2,8,78,393,3773,2550,558,581,444,296,263,236,172,124,89,71,53,358,0.046763304,0.374602859,0.253177125,0.113085782,0.627779984,0.787629071
CRCEA-SE,SBGR,2022-11,DEP,9437,0,0,0,1,1,0,1,1,1,14,64,271,3105,2255,597,733,475,353,296,227,206,142,108,87,67,432,0.035498569,0.329024054,0.238953057,0.140934619,0.567977111,0.7444103
CRCEA-SE,SBGR,2022-12,DEP,10508,3,0,0,0,0,0,1,1,2,13,83,354,3288,2451,765,855,535,357,359,265,248,187,123,88,69,461,0.041587362,0.312904454,0.233250856,0.154168253,0.54615531,0.741910925
CRCEA-SE,SBKP,2022-01,DEP,3997,16,1,1,1,2,3,3,4,8,14,46,373,1019,1015,485,289,168,117,82,56,44,37,24,22,19,148,0.104828621,0.254941206,0.253940455,0.193645234,0.508881661,0.807355517
CRCEA-SE,SBKP,2022-02,DEP,4078,13,1,1,0,3,3,1,1,9,18,78,627,1426,931,324,180,112,68,35,31,19,20,17,11,13,136,0.172878862,0.349681216,0.228298185,0.123589995,0.577979402,0.874448259
CRCEA-SE,SBKP,2022-03,DEP,4871,10,0,2,1,3,3,7,3,5,18,81,681,1719,1115,438,215,118,70,52,45,32,23,25,16,19,170,0.15643605,0.352904948,0.228905769,0.134058715,0.581810716,0.872305481
CRCEA-SE,SBKP,2022-04,DEP,4913,14,0,1,1,1,0,1,10,6,19,93,630,1745,1148,438,247,131,82,60,36,47,29,20,21,24,109,0.147160594,0.355180134,0.233665785,0.139426013,0.588845919,0.875432526
CRCEA-SE,SBKP,2022-05,DEP,5497,7,0,2,4,3,4,5,9,9,21,69,577,1685,1326,540,341,204,125,80,74,50,41,43,41,25,212,0.117518647,0.306530835,0.241222485,0.160269238,0.54775332,0.825541204
CRCEA-SE,SBKP,2022-06,DEP,4745,17,1,1,1,3,4,6,2,3,12,98,637,1482,1148,409,256,164,109,88,54,34,31,21,16,16,132,0.154899895,0.312328767,0.241938883,0.140147524,0.55426765,0.849315068
CRCEA-SE,SBKP,2022-07,DEP,5232,16,0,1,1,5,2,7,7,7,17,88,617,1623,1253,540,318,185,128,63,57,49,40,29,19,21,139,0.134747706,0.310206422,0.239487768,0.163990826,0.54969419,0.848432722
CRCEA-SE,SBKP,2022-08,DEP,5430,19,2,2,1,10,3,7,4,10,28,99,647,1669,1331,501,328,198,136,97,76,53,39,27,20,7,116,0.137384899,0.307366483,0.245119705,0.15267035,0.552486188,0.842541436
CRCEA-SE,SBKP,2022-09,DEP,5388,19,3,1,2,2,4,3,8,10,31,77,579,1590,1274,540,334,205,148,106,66,57,54,32,28,24,191,0.121752042,0.295100223,0.236451373,0.162212324,0.531551596,0.815515961
CRCEA-SE,SBKP,2022-10,DEP,5619,12,5,3,1,3,4,4,7,9,20,94,729,1765,1313,488,333,216,139,88,65,47,37,31,32,18,156,0.146467343,0.314112831,0.233671472,0.146111408,0.547784303,0.840363054
CRCEA-SE,SBKP,2022-11,DEP,5321,7,3,2,2,4,7,5,4,10,21,70,557,1650,1344,591,315,197,121,91,65,30,28,33,28,19,117,0.117834993,0.310092088,0.252584101,0.170268746,0.562676189,0.850779929
CRCEA-SE,SBKP,2022-12,DEP,5470,9,3,1,3,2,1,3,4,7,18,62,342,1292,1391,666,452,287,178,156,89,87,76,47,36,32,226,0.073857404,0.236197441,0.254296161,0.204387569,0.490493601,0.768738574
CINDACTA III,SBMO,2022-01,DEP,974,0,0,0,0,0,0,0,0,1,12,69,222,243,155,67,57,38,22,15,18,18,4,8,0,3,22,0.298767967,0.249486653,0.159137577,0.127310062,0.40862423,0.834702259
CINDACTA III,SBMO,2022-02,DEP,691,0,0,0,0,0,0,1,0,0,17,92,226,185,90,33,19,10,4,1,1,4,2,1,1,0,4,0.460202605,0.267727931,0.13024602,0.075253256,0.397973951,0.933429812
CINDACTA III,SBMO,2022-03,DEP,763,0,0,0,0,0,0,0,0,2,16,81,226,204,98,40,25,19,14,10,6,1,4,2,2,1,12,0.402359109,0.267365662,0.128440367,0.085190039,0.395806029,0.883355177
CINDACTA III,SBMO,2022-04,DEP,626,0,0,0,0,0,0,0,0,3,13,75,153,131,111,43,29,23,11,2,7,4,4,1,3,2,11,0.364217252,0.209265176,0.177316294,0.115015974,0.38658147,0.865814696
CINDACTA III,SBMO,2022-05,DEP,606,13,0,0,0,1,0,1,1,5,16,64,142,122,107,40,28,22,5,8,9,3,1,2,2,1,13,0.339933993,0.201320132,0.176567657,0.112211221,0.377887789,0.830033003
CINDACTA III,SBMO,2022-06,DEP,595,0,0,0,1,0,0,0,0,2,14,67,187,142,80,30,13,9,13,4,8,5,3,3,3,0,11,0.426890756,0.238655462,0.134453782,0.072268908,0.373109244,0.872268908
CINDACTA III,SBMO,2022-07,DEP,813,4,0,0,0,0,0,0,1,4,22,113,210,169,118,50,35,21,16,9,8,6,6,4,4,3,10,0.397293973,0.207872079,0.145141451,0.104551046,0.35301353,0.854858549
CINDACTA III,SBMO,2022-08,DEP,719,0,0,0,0,0,0,0,0,3,23,81,156,159,117,43,46,25,12,12,8,6,5,3,3,4,13,0.329624478,0.221140473,0.162726008,0.123783032,0.383866481,0.837273992
CINDACTA III,SBMO,2022-09,DEP,657,0,0,0,0,0,0,0,0,2,20,80,158,147,110,38,23,25,13,9,5,5,5,3,2,0,12,0.362252664,0.223744292,0.167427702,0.092846271,0.391171994,0.846270928
CINDACTA III,SBMO,2022-10,DEP,710,0,0,0,0,0,0,0,0,3,9,62,164,180,116,52,25,30,15,14,16,3,6,2,5,1,7,0.318309859,0.253521127,0.163380282,0.108450704,0.416901408,0.843661972
CINDACTA III,SBMO,2022-11,DEP,636,0,0,0,0,0,0,0,0,0,8,58,145,144,100,45,35,24,10,11,12,7,9,4,4,2,18,0.31918239,0.226415094,0.157232704,0.125786164,0.383647799,0.828616352
CINDACTA III,SBMO,2022-12,DEP,796,0,0,0,0,0,0,0,1,6,21,95,202,161,107,47,42,27,18,14,9,7,8,8,4,4,15,0.373115578,0.202261307,0.134422111,0.111809045,0.336683417,0.82160804
CINDACTA II,SBPA,2022-01,DEP,2264,4,0,0,3,0,0,0,3,3,7,107,531,603,385,155,104,67,59,36,27,27,19,25,15,12,72,0.28180212,0.266342756,0.170053004,0.114399293,0.43639576,0.832597173
CINDACTA II,SBPA,2022-02,DEP,1789,4,0,1,2,0,1,1,0,5,9,133,594,537,271,78,60,25,16,8,6,9,4,3,3,1,18,0.406372275,0.300167691,0.151481274,0.077138066,0.451648966,0.935159307
CINDACTA II,SBPA,2022-03,DEP,2119,8,0,0,2,1,1,1,2,6,10,139,637,664,311,100,57,37,31,18,20,12,10,9,3,3,37,0.366210477,0.313355356,0.146767343,0.074091553,0.460122699,0.900424729
CINDACTA II,SBPA,2022-04,DEP,2178,1,1,1,0,2,2,1,2,3,12,110,602,641,352,117,75,47,37,28,23,16,17,12,1,10,65,0.326905418,0.294306703,0.161616162,0.08815427,0.455922865,0.870982553
CINDACTA II,SBPA,2022-05,DEP,2460,2,1,0,3,3,3,2,3,2,7,89,653,684,430,150,95,55,40,35,34,17,14,14,14,6,104,0.301626016,0.27804878,0.174796748,0.099593496,0.452845528,0.854065041
CINDACTA II,SBPA,2022-06,DEP,2310,2,1,0,4,1,1,4,1,2,6,103,565,681,417,138,104,78,41,29,24,25,8,6,7,6,56,0.289177489,0.294805195,0.180519481,0.104761905,0.475324675,0.869264069
CINDACTA II,SBPA,2022-07,DEP,2495,1,0,0,0,0,1,0,3,6,10,92,575,710,422,176,142,88,56,45,33,24,23,15,7,11,55,0.267334669,0.284569138,0.169138277,0.12745491,0.453707415,0.848496994
CINDACTA II,SBPA,2022-08,DEP,2312,4,0,1,0,1,3,5,6,4,5,78,556,691,359,164,117,80,60,42,36,18,17,14,6,5,40,0.274221453,0.298875433,0.155276817,0.121539792,0.454152249,0.849913495
CINDACTA II,SBPA,2022-09,DEP,2219,5,0,1,1,2,1,4,6,2,10,127,613,595,352,121,81,77,60,28,28,20,13,16,15,4,37,0.333483551,0.268138801,0.158630014,0.091031996,0.426768815,0.851284362
CINDACTA II,SBPA,2022-10,DEP,2292,6,0,1,0,1,0,4,6,2,9,135,638,640,324,146,91,76,40,31,26,14,14,14,12,6,56,0.337260035,0.279232112,0.141361257,0.103403141,0.420593368,0.861256545
CINDACTA II,SBPA,2022-11,DEP,2388,1,1,0,0,0,2,0,1,3,7,78,458,621,399,193,134,91,63,73,53,37,26,28,21,13,85,0.224455611,0.260050251,0.167085427,0.136934673,0.427135678,0.788525963
CINDACTA II,SBPA,2022-12,DEP,2492,1,0,1,0,0,1,1,2,3,9,82,569,678,363,177,125,80,91,45,43,29,26,26,23,17,100,0.261235955,0.272070626,0.145666132,0.121187801,0.417736758,0.800160514
CINDACTA III,SBPS,2022-01,DEP,905,0,0,0,0,0,0,0,0,3,7,55,113,173,160,92,82,53,43,30,24,10,9,6,8,4,33,0.185635359,0.191160221,0.17679558,0.192265193,0.367955801,0.745856354
CINDACTA III,SBPS,2022-02,DEP,549,0,0,0,0,0,0,0,0,1,10,43,125,131,124,36,20,20,8,3,4,1,2,1,0,1,19,0.306010929,0.238615665,0.225865209,0.102003643,0.464480874,0.872495446
CINDACTA III,SBPS,2022-03,DEP,609,0,0,0,1,0,0,0,0,2,7,53,106,144,131,58,31,23,12,10,3,5,2,1,3,3,14,0.261083744,0.236453202,0.215106732,0.146141215,0.451559934,0.858784893
CINDACTA III,SBPS,2022-04,DEP,520,0,0,0,0,0,0,0,0,0,5,38,96,122,111,57,26,21,10,11,1,4,4,1,1,1,11,0.257692308,0.234615385,0.213461538,0.159615385,0.448076923,0.865384615
CINDACTA III,SBPS,2022-05,DEP,481,0,0,0,0,0,0,0,0,1,7,42,122,123,91,25,16,13,7,5,6,2,3,3,2,4,9,0.340956341,0.255717256,0.189189189,0.085239085,0.444906445,0.871101871
CINDACTA III,SBPS,2022-06,DEP,486,0,0,0,0,0,0,0,0,0,4,52,152,128,62,28,15,11,11,3,2,2,3,1,2,0,10,0.419753086,0.263374486,0.127572016,0.088477366,0.390946502,0.899176955
CINDACTA III,SBPS,2022-07,DEP,886,0,0,0,0,0,0,1,3,10,28,88,180,195,171,56,51,22,22,12,7,5,5,5,3,2,20,0.30248307,0.220090293,0.193002257,0.120767494,0.413092551,0.836343115
CINDACTA III,SBPS,2022-08,DEP,574,0,0,0,0,0,0,0,2,2,4,39,121,146,107,45,30,23,16,9,12,6,4,3,0,0,5,0.278745645,0.254355401,0.18641115,0.130662021,0.440766551,0.850174216
CINDACTA III,SBPS,2022-09,DEP,537,0,0,0,0,0,2,4,2,3,10,42,131,121,77,43,21,14,16,8,11,3,1,3,4,0,21,0.322160149,0.225325885,0.143389199,0.119180633,0.368715084,0.810055866
CINDACTA III,SBPS,2022-10,DEP,622,0,0,0,0,0,0,0,0,1,9,47,145,161,98,50,29,16,14,13,6,5,4,4,1,1,18,0.308681672,0.258842444,0.15755627,0.127009646,0.416398714,0.852090032
CINDACTA III,SBPS,2022-11,DEP,600,0,0,0,0,0,0,0,0,4,8,50,88,115,91,48,46,29,20,26,17,8,6,7,5,4,28,0.23,0.191666667,0.151666667,0.156666667,0.343333333,0.73
CINDACTA III,SBPS,2022-12,DEP,789,0,0,0,0,0,0,0,0,3,9,72,143,125,104,65,54,44,28,21,20,16,7,6,13,5,54,0.272496831,0.15842839,0.131812421,0.150823828,0.290240811,0.71356147
CINDACTA III,SBRF,2022-01,DEP,3256,0,0,0,1,0,0,1,1,8,15,101,481,858,713,283,206,154,107,60,44,46,44,22,16,10,85,0.178746929,0.263513514,0.218980344,0.150184275,0.482493857,0.811425061
CINDACTA III,SBRF,2022-02,DEP,2635,0,0,0,0,1,2,1,3,6,25,158,696,831,482,153,90,47,38,21,15,11,7,3,5,3,37,0.324098672,0.315370019,0.182922201,0.092220114,0.49829222,0.914611006
CINDACTA III,SBRF,2022-03,DEP,3171,0,0,0,0,0,0,1,4,11,26,154,749,1020,621,205,129,66,39,26,19,15,11,11,8,11,45,0.284768212,0.32166509,0.195837275,0.105329549,0.517502365,0.907600126
CINDACTA III,SBRF,2022-04,DEP,2934,0,0,0,0,0,1,0,1,0,16,149,745,929,566,169,113,55,44,41,23,13,6,7,8,7,41,0.304703476,0.316632584,0.192910702,0.096114519,0.509543286,0.910361282
CINDACTA III,SBRF,2022-05,DEP,3138,0,0,0,0,0,0,0,4,2,15,140,666,969,606,206,139,96,69,43,38,23,14,13,12,12,71,0.256851498,0.308795411,0.193116635,0.109942639,0.501912046,0.868706182
CINDACTA III,SBRF,2022-06,DEP,2922,0,1,0,0,0,0,1,1,2,16,122,564,872,626,223,128,85,55,38,32,24,18,16,14,10,74,0.234770705,0.298425736,0.214236824,0.120123203,0.51266256,0.867556468
CINDACTA III,SBRF,2022-07,DEP,3327,0,1,1,0,0,1,0,0,5,32,216,775,1009,559,223,128,83,74,40,33,34,12,21,20,8,52,0.297865945,0.303276225,0.168019237,0.105500451,0.471295461,0.874661858
CINDACTA III,SBRF,2022-08,DEP,3021,4,1,2,0,2,1,1,3,7,21,131,555,861,639,237,160,101,66,56,36,27,17,20,9,6,58,0.227077127,0.285004965,0.211519364,0.131413439,0.49652433,0.855014896
CINDACTA III,SBRF,2022-09,DEP,2828,0,0,1,1,1,3,1,4,4,18,151,556,860,567,189,131,94,61,46,23,24,17,15,6,8,47,0.25,0.304101839,0.20049505,0.113154173,0.504596888,0.867751061
CINDACTA III,SBRF,2022-10,DEP,2910,0,1,0,3,2,3,5,4,7,28,124,576,930,629,168,104,74,47,44,30,24,18,14,4,7,64,0.240549828,0.319587629,0.216151203,0.09347079,0.535738832,0.86975945
CINDACTA III,SBRF,2022-11,DEP,2628,1,1,0,1,1,1,0,4,1,9,84,471,856,500,191,122,88,58,50,39,21,18,15,15,13,68,0.211187215,0.325722983,0.190258752,0.119101979,0.515981735,0.846270928
CINDACTA III,SBRF,2022-12,DEP,3103,0,0,1,0,1,0,0,3,9,21,176,675,987,520,200,105,80,61,44,37,23,30,20,23,17,70,0.274250725,0.318079278,0.167579762,0.098291976,0.48565904,0.85820174
CRCEA-SE,SBRJ,2022-01,DEP,3059,2,0,0,0,0,0,0,0,1,3,68,619,965,633,205,152,87,64,54,39,25,24,12,22,14,70,0.224583197,0.315462569,0.206930369,0.116704805,0.522392939,0.863680941
CRCEA-SE,SBRJ,2022-02,DEP,2712,0,0,0,0,0,0,0,0,1,0,68,784,1015,514,114,75,49,31,10,7,4,5,3,3,3,26,0.314159292,0.374262537,0.189528024,0.069690265,0.56379056,0.947640118
CRCEA-SE,SBRJ,2022-03,DEP,3342,0,0,0,0,0,0,0,0,0,0,86,820,1088,740,221,133,67,53,25,22,12,10,6,5,8,46,0.271095153,0.325553561,0.221424297,0.105924596,0.546977858,0.923997606
CRCEA-SE,SBRJ,2022-04,DEP,3754,0,0,0,0,0,1,0,0,1,2,78,773,1147,788,331,189,105,89,63,36,28,20,13,10,16,64,0.226691529,0.305540757,0.20990943,0.138518913,0.515450186,0.880660629
CRCEA-SE,SBRJ,2022-05,DEP,4197,0,0,0,0,0,0,0,0,0,1,107,970,1380,862,323,164,114,59,40,33,25,24,13,11,14,57,0.256611866,0.32880629,0.205384799,0.116035263,0.534191089,0.906838218
CRCEA-SE,SBRJ,2022-06,DEP,3886,0,0,0,0,0,0,0,0,0,3,124,993,1285,715,273,157,99,65,45,33,19,13,12,4,7,39,0.2874421,0.330674215,0.183993824,0.110653628,0.514668039,0.912763767
CRCEA-SE,SBRJ,2022-07,DEP,4316,0,0,0,0,0,0,0,0,1,0,113,977,1340,821,346,201,141,106,53,40,32,28,12,7,18,80,0.252548656,0.31047266,0.190222428,0.12673772,0.500695088,0.879981464
CRCEA-SE,SBRJ,2022-08,DEP,4306,0,0,0,0,0,0,0,0,0,6,146,959,1264,834,320,226,149,104,69,48,40,33,17,14,12,65,0.256618672,0.293543892,0.193683233,0.126799814,0.487227125,0.870645611
CRCEA-SE,SBRJ,2022-09,DEP,4219,1,0,0,0,0,0,1,0,1,3,145,837,1177,816,318,233,163,118,77,54,38,36,25,19,16,141,0.232756577,0.278976061,0.193410761,0.130599668,0.472386822,0.835743067
CRCEA-SE,SBRJ,2022-10,DEP,4466,0,0,0,0,0,0,0,0,0,7,146,915,1267,838,350,236,155,109,81,69,49,47,31,30,27,109,0.237572772,0.28369906,0.187639946,0.131213614,0.471339006,0.840125392
CRCEA-SE,SBRJ,2022-11,DEP,4454,1,0,0,0,0,0,0,0,0,1,58,490,941,867,439,386,269,202,172,107,97,76,58,60,29,201,0.123035474,0.211270768,0.194656489,0.185226762,0.405927256,0.714189493
CRCEA-SE,SBRJ,2022-12,DEP,4559,1,0,0,1,0,0,1,1,2,3,85,546,1014,871,414,318,248,173,150,130,70,64,71,47,40,309,0.138407546,0.222417197,0.191050669,0.160561527,0.413467866,0.712436938
CRCEA-SE,SBSP,2022-01,DEP,5331,0,0,0,0,0,0,1,0,1,3,190,1195,1550,1015,403,258,149,114,97,74,44,33,44,21,25,114,0.259801163,0.290752204,0.190395798,0.123991746,0.481148002,0.864940912
CRCEA-SE,SBSP,2022-02,DEP,4079,0,0,0,0,0,0,0,0,0,3,262,1351,1262,636,207,126,76,41,34,14,14,10,8,5,3,27,0.395440059,0.309389556,0.155920569,0.081637656,0.465310125,0.94238784
CRCEA-SE,SBSP,2022-03,DEP,4630,1,0,0,0,0,0,1,0,0,3,266,1437,1454,804,227,154,78,53,31,29,18,8,12,11,10,33,0.367818575,0.314038877,0.173650108,0.082289417,0.487688985,0.937796976
CRCEA-SE,SBSP,2022-04,DEP,5449,0,0,0,0,0,0,0,0,0,3,175,1322,1745,1128,396,230,146,92,53,35,26,22,12,16,2,46,0.274729308,0.320242246,0.207010461,0.114883465,0.527252707,0.91686548
CRCEA-SE,SBSP,2022-05,DEP,6398,0,0,0,0,0,0,0,0,0,6,218,1453,2034,1287,502,278,178,119,91,48,32,30,12,12,11,87,0.261175367,0.317911847,0.201156611,0.121913098,0.519068459,0.902156924
CRCEA-SE,SBSP,2022-06,DEP,5963,0,0,0,0,0,0,0,0,0,3,165,1370,2014,1249,433,246,176,98,59,34,20,18,13,9,10,46,0.257420761,0.337749455,0.209458326,0.113868858,0.547207781,0.918497401
CRCEA-SE,SBSP,2022-07,DEP,6636,0,0,0,0,0,0,0,0,0,3,150,1198,1935,1432,573,388,263,195,148,83,70,42,33,21,19,83,0.203134418,0.29159132,0.215792646,0.144816154,0.507383966,0.855334539
CRCEA-SE,SBSP,2022-08,DEP,6384,1,0,0,0,0,0,0,0,0,1,149,1063,1710,1357,574,397,288,228,169,88,76,59,34,40,25,125,0.189849624,0.267857143,0.212562657,0.152098997,0.480419799,0.822368421
CRCEA-SE,SBSP,2022-09,DEP,6116,0,0,0,0,0,0,0,0,0,2,157,1114,1637,1291,557,348,265,197,124,98,63,45,30,29,22,137,0.207815566,0.2676586,0.211085677,0.147972531,0.478744277,0.834532374
CRCEA-SE,SBSP,2022-10,DEP,6556,0,0,0,0,0,0,0,0,0,2,211,1120,1731,1281,577,371,273,221,155,126,100,68,44,36,40,200,0.203020134,0.264032947,0.195393533,0.144600366,0.45942648,0.80704698
CRCEA-SE,SBSP,2022-11,DEP,7023,4,0,0,0,0,0,0,0,0,3,93,626,1358,1436,739,542,398,332,253,231,170,137,131,106,79,385,0.102377901,0.193364659,0.204471024,0.182400683,0.397835683,0.682614267
CRCEA-SE,SBSP,2022-12,DEP,7386,1,0,0,0,0,0,0,0,0,8,159,728,1422,1448,765,606,427,378,266,270,161,126,94,95,72,360,0.120092066,0.192526401,0.196046575,0.185621446,0.388572976,0.694286488
CINDACTA III,SBSV,2022-01,DEP,2666,18,0,0,0,0,0,0,0,1,6,104,511,645,534,239,150,107,72,68,39,33,27,20,13,11,68,0.230682671,0.241935484,0.200300075,0.145911478,0.442235559,0.818829707
CINDACTA III,SBSV,2022-02,DEP,2065,6,0,0,0,2,7,2,2,3,18,163,600,558,317,119,70,42,29,23,14,8,9,7,10,3,53,0.369491525,0.270217918,0.153510896,0.091525424,0.423728814,0.884745763
CINDACTA III,SBSV,2022-03,DEP,2375,0,0,0,0,0,1,0,3,9,26,189,759,593,343,154,89,53,41,16,17,12,13,5,7,5,40,0.399157895,0.249684211,0.144421053,0.102315789,0.394105263,0.895578947
CINDACTA III,SBSV,2022-04,DEP,2151,0,0,0,0,0,1,0,1,9,27,141,603,571,353,154,72,61,40,25,17,15,9,4,3,4,41,0.345885635,0.265457927,0.164109716,0.105067411,0.429567643,0.880520688
CINDACTA III,SBSV,2022-05,DEP,2070,0,0,0,0,1,1,1,3,6,31,197,645,480,299,133,81,41,36,30,11,11,10,12,3,2,36,0.406763285,0.231884058,0.144444444,0.103381643,0.376328502,0.88647343
CINDACTA III,SBSV,2022-06,DEP,1999,2,0,0,0,0,0,4,1,6,26,136,570,542,315,137,75,50,33,20,13,4,13,11,6,5,30,0.353176588,0.271135568,0.157578789,0.106053027,0.428714357,0.887943972
CINDACTA III,SBSV,2022-07,DEP,2293,0,3,0,1,0,0,1,2,6,16,111,566,577,432,169,115,68,48,34,22,22,9,10,7,9,65,0.295246402,0.251635412,0.188399477,0.123855212,0.440034889,0.859136502
CINDACTA III,SBSV,2022-08,DEP,2045,0,0,0,0,0,0,0,2,2,21,99,472,530,412,154,108,59,44,39,32,17,9,6,5,1,33,0.279217604,0.259168704,0.201466993,0.128117359,0.460635697,0.86797066
CINDACTA III,SBSV,2022-09,DEP,1931,0,0,0,0,0,3,6,10,10,27,142,469,479,316,126,89,70,40,34,16,18,14,4,10,5,43,0.316416365,0.248058001,0.163645779,0.111341274,0.41170378,0.839461419
CINDACTA III,SBSV,2022-10,DEP,1951,2,0,0,0,0,0,3,6,17,21,146,504,432,327,127,89,55,55,23,26,16,12,8,7,5,70,0.333162481,0.22142491,0.167606356,0.110712455,0.389031266,0.832906202
CINDACTA III,SBSV,2022-11,DEP,2117,25,0,0,0,2,3,2,9,7,15,68,412,417,356,172,116,105,86,56,49,41,34,26,17,8,91,0.226735947,0.196976854,0.168162494,0.136041568,0.365139348,0.727916863
CINDACTA III,SBSV,2022-12,DEP,2416,13,0,0,3,1,2,6,11,15,26,127,447,467,398,161,141,127,90,64,57,47,29,26,21,9,128,0.237582781,0.193294702,0.164735099,0.125,0.358029801,0.720612583
